A relationship for the diffusion coeffcient in eddy diffusion based indoor dispersion modelling,,,,,,,,,,,,,,,,,,,,,,,,,,,,,,,,,,,,,,,,,,
"Timothy Foat, Joseph Drodge, James Nally, Simon Parker",,,,,,,,,,,,,,,,,,,,,,,,,,,,,,,,,,,,,,,,,,
Supplementary material,,,,,,,,,,,,,,,,,,,,,,,,,,,,,,,,,,,,,,,,,,
Data output from the automated CFD simulations is given below,,,,,,,,,,,,,,,,,,,,,,,,,,,,,,,,,,,,,,,,,,
The method used to generate the data is given in Section 2 of the paper. The results are discussed in Section 3,,,,,,,,,,,,,,,,,,,,,,,,,,,,,,,,,,,,,,,,,,
,,,,,,,,,,,,,,,,,,,,,,,,,,,,,,,,,,,,,,,,,,
Model ref.,Length,Width,-,Height,Floor area,-,Volume,Air change rate,-,Release mass,Flow rate,"Release location, x","Release location, y","Release location, z",Release position,Supply vent width,Supply vent effective air discharge area,No. supply vents,Total supply vent area,Supply vel,Extract vent width,Extract vent area,No. extract vents,Total extract vent area,Extract vel,,Plane height,K (CFD),Geometric variance,,Plane height,K (CFD),Geometric variance,,Plane height,K (CFD),Geometric variance,,Mean across planes,Standard deviation,,K (TKEB model)
-,L,W,L/W,H,LW,sqrt(LW))/H,V,lambda,lambda,M,Q,x0,y0,z0,-,-,A,N,-,u0,-,-,-,-,-,,-,K,VG,,-,K,VG,,-,K,VG,,K,K,,K
-,m,m,-,m,m2,-,m3,h-1,s-1,kg,m3/s,m,m,m,-,m,m2,-,m2,m/s,m,m2,-,m3,m/s,,m,m2/s,-,,m,m2/s,-,,m,m2/s,-,,m2/s,m2/s,,m2/s
row_00138,36.9,21.8,1.7,5.9,805.3,4.8,4748.6,0.6,0.000160048,0.00098,0.76,1,1,2.9, corner,0.211,0.045,57,2.5,0.3,0.4,0.16,2,0.32,2.4,,0.5,2.75E-03,4.02E+15,,1,3.47E-03,7.99E+11,,1.5,3.50E-03,3.97E+10,,3.24E-03,10.7,,3.05E-03
row_00121,36.1,12.9,2.8,6.8,466.7,3.2,3182.4,0.7,0.000181207,0.00098,0.58,3.2,9,3.4,mid-point,0.211,0.045,33,1.5,0.4,0.4,0.16,2,0.32,1.8,,0.5,1.78E-03,5.82E+12,,1,,,,1.5,1.71E-03,3.16E+19,,1.75E-03,2,,3.81E-03
row_00243,24.7,9.9,2.5,6.6,244.2,2.4,1611.9,0.7,0.000202365,0.00098,0.33,2.4,6.2,3.3,mid-point,0.211,0.045,18,0.8,0.4,0.4,0.16,1,0.16,2,,0.5,,,,1,,,,1.5,,,,,,,4.06E-03
row_00044,25.3,13.7,1.8,5.2,346.6,3.6,1802.4,0.8,0.000223524,0.00098,0.41,3.4,6.3,2.6,mid-point,0.211,0.045,24,1.1,0.4,0.4,0.16,2,0.32,1.3,,0.5,,,,1,2.40E-03,5.05E+16,,1.5,,,,2.40E-03,,,4.04E-03
row_00166,32,22.6,1.4,4.7,723.2,5.7,3433.8,0.9,0.000244683,0.00098,0.84,5.6,8,2.3,mid-point,0.211,0.045,51,2.3,0.4,0.4,0.16,2,0.32,2.6,,0.5,3.45E-03,9.63E+08,,1,,,,1.5,3.78E-03,2.88E+07,,3.61E-03,4.6,,4.05E-03
row_00085,31,14.9,2.1,10.7,463.7,2,4961.3,1,0.000265842,0.00098,1.32,1,1,5.3, corner,0.211,0.045,33,1.5,0.9,0.4,0.16,2,0.32,4.1,,0.5,,,,1,,,,1.5,,,,,,,7.52E-03
row_00223,14.9,5.6,2.6,3.6,83.9,2.5,301.4,1,0.000287001,0.00098,0.09,1,1,1.7, corner,0.109,0.012,44,0.5,0.2,0.4,0.16,1,0.16,0.5,,0.5,7.77E-04,3.13E+08,,1,6.97E-04,1.97E+07,,1.5,7.23E-04,1.06E+06,,7.33E-04,4.5,,1.04E-03
row_00022,38.7,15.9,2.4,5.9,613.4,4.2,3607.8,1.1,0.00030816,0.00098,1.11,7.9,19.3,2.9, corner,0.211,0.045,42,1.9,0.6,0.4,0.16,2,0.32,3.5,,0.5,,,,1,,,,1.5,,,,,,,6.00E-03
row_00156,36.2,13.1,2.8,3.2,474.1,6.9,1500.2,1.2,0.000329319,0.00098,0.49,1,1,1.5, corner,0.211,0.045,33,1.5,0.3,0.4,0.16,2,0.32,1.5,,0.5,,,,1,4.82E-03,2.97E+06,,1.5,4.81E-03,1.85E+04,,4.81E-03,0.1,,4.19E-03
row_00111,14.3,8.3,1.7,4.7,118.6,2.3,552.7,1.3,0.000350477,0.00098,0.19,2,3.6,2.3,mid-point,0.109,0.012,60,0.7,0.3,0.4,0.16,1,0.16,1.2,,0.5,1.03E-03,6.59E+04,,1,,,,1.5,1.14E-03,8.96E+08,,1.08E-03,5.3,,1.54E-03
row_00229,24.5,23.2,1.1,8,568.6,3,4555.3,1.3,0.000371636,0.00098,1.69,11,12.2,4, centre,0.335,0.112,24,2.7,0.6,0.4,0.16,4,0.64,2.6,,0.5,,,,1,,,,1.5,,,,,,,1.23E-02
row_00058,48.5,18.3,2.7,5,887.1,5.9,4458.6,1.4,0.000392795,0.00098,1.75,4.5,12.1,2.5,mid-point,0.335,0.112,36,4,0.4,0.4,0.16,4,0.64,2.7,,0.5,3.14E-03,7.64E+05,,1,,,,1.5,3.92E-03,8.99E+16,,3.53E-03,11.1,,9.76E-03
row_00176,17.9,8.5,2.1,3.3,152,3.8,494.7,1.5,0.000413954,0.00098,0.2,4.2,8.9,1.6, centre,0.109,0.012,78,0.9,0.2,0.4,0.16,1,0.16,1.3,,0.5,,,,1,,,,1.5,,,,,,,1.42E-03
row_00067,18.6,13.4,1.4,5.7,248,2.8,1403.5,1.6,0.000435113,0.00098,0.61,6.6,9.3,2.8, centre,0.211,0.045,18,0.8,0.8,0.4,0.16,2,0.32,1.9,,0.5,3.26E-03,3.68E+10,,1,3.52E-03,1.47E+06,,1.5,3.58E-03,1.27E+07,,3.45E-03,4.1,,7.94E-03
row_00201,26.9,14.6,1.8,9,393.5,2.2,3549.8,1.6,0.000456272,0.00098,1.62,1,1,4.5, corner,0.335,0.112,18,2,0.8,0.4,0.16,4,0.64,2.5,,0.5,1.02E-02,4.98E+13,,1,1.08E-02,1.23E+13,,1.5,1.13E-02,1.47E+11,,1.07E-02,4,,1.55E-02
row_00013,30.3,16.2,1.9,8.3,490.4,2.7,4071.9,1.7,0.000477431,0.00098,1.94,4,7.6,4.1,mid-point,0.335,0.112,21,2.4,0.8,0.4,0.16,4,0.64,3,,0.5,6.98E-03,6.93E+16,,1,6.26E-03,9.66E+18,,1.5,6.83E-03,1.79E+17,,6.69E-03,4.6,,1.60E-02
row_00135,13.2,10,1.3,5.5,131.3,2.1,726.8,1.8,0.000498589,0.00098,0.36,2.4,3.3,2.7,mid-point,0.211,0.045,10,0.4,0.8,0.4,0.16,1,0.16,2.3,,0.5,4.21E-03,3.08E+04,,1,3.68E-03,4.26E+04,,1.5,4.98E-03,6.97E+03,,4.29E-03,12.4,,8.68E-03
row_00116,33.6,15.5,2.2,4.3,519.1,5.2,2254.3,1.9,0.000519748,0.00098,1.17,1,1,2.1, corner,0.211,0.045,36,1.6,0.7,0.4,0.16,2,0.32,3.7,,0.5,1.01E-02,9.72E+05,,1,,,,1.5,1.01E-02,5.31E+05,,1.01E-02,0.4,,8.20E-03
row_00033,20.9,17.1,1.2,7.7,358.5,2.5,2757,2,0.000562066,0.00098,1.55,1,1,3.8, corner,0.211,0.045,27,1.2,1.3,0.4,0.16,2,0.32,4.8,,0.5,9.93E-03,1.48E+05,,1,1.09E-02,3.59E+05,,1.5,1.06E-02,1.30E+05,,1.05E-02,4,,1.23E-02
row_00171,25.1,16.3,1.5,6.1,410.2,3.3,2505.7,2.1,0.000583225,0.00098,1.46,1,1,3, corner,0.211,0.045,30,1.3,1.1,0.4,0.16,2,0.32,4.6,,0.5,8.79E-03,1.46E+07,,1,9.20E-03,7.92E+05,,1.5,8.33E-03,1.59E+08,,8.78E-03,4.1,,1.11E-02
row_00088,27.8,9.4,3,3.6,261.7,4.5,939.5,2.2,0.000604384,0.00098,0.57,2.3,7,1.7,mid-point,0.211,0.045,18,0.8,0.7,0.4,0.16,1,0.16,3.5,,0.5,7.48E-03,2.33E+05,,1,7.54E-03,1.06E+06,,1.5,7.74E-03,1.24E+06,,7.59E-03,1.5,,8.44E-03
row_00210,50.2,22.1,2.3,3.9,1108.2,8.5,4323.2,2.3,0.000625543,0.00098,2.7,5.5,12.5,1.9,mid-point,0.335,0.112,45,5.1,0.5,0.4,0.16,4,0.64,4.2,,0.5,8.39E-03,1.26E+06,,1,8.64E-03,3.36E+09,,1.5,8.93E-03,3.69E+07,,8.65E-03,2.6,,1.31E-02
row_00027,26.3,10.3,2.6,7.6,270.8,2.2,2060.9,2.3,0.000646701,0.00098,1.33,5.1,13.2,3.8, centre,0.211,0.045,20,0.9,1.5,0.4,0.16,2,0.32,4.2,,0.5,6.07E-03,7.47E+01,,1,6.44E-03,7.68E+01,,1.5,6.37E-03,1.28E+02,,6.29E-03,2.5,,1.42E-02
row_00145,29.5,13.8,2.1,7.5,407.6,2.7,3047.1,2.4,0.00066786,0.00098,2.04,3.4,7.4,3.7,mid-point,0.335,0.112,18,2,1,0.4,0.16,4,0.64,3.2,,0.5,9.28E-03,7.91E+09,,1,8.85E-03,3.05E+05,,1.5,1.04E-02,2.15E+07,,9.50E-03,6.8,,2.04E-02
row_00098,29.1,21.4,1.4,6.3,625.1,4,3955.9,2.5,0.000689019,0.00098,2.73,1,1,3.1, corner,0.335,0.112,27,3,0.9,0.4,0.16,4,0.64,4.3,,0.5,1.31E-02,5.07E+06,,1,1.35E-02,1.67E+05,,1.5,1.34E-02,3.38E+05,,1.33E-02,1.5,,1.91E-02
row_00232,26.8,13.9,1.9,3.1,371.5,6.2,1152.1,2.6,0.000710178,0.00098,0.82,6.9,13.4,1.5, centre,0.211,0.045,27,1.2,0.7,0.4,0.16,2,0.32,2.6,,0.5,4.26E-03,1.39E+09,,1,3.91E-03,3.04E+08,,1.5,3.94E-03,8.65E+09,,4.03E-03,3.9,,8.67E-03
row_00055,22,9.6,2.3,5,211.3,2.9,1055.5,2.6,0.000731337,0.00098,0.77,4.8,11,2.4, centre,0.211,0.045,16,0.7,1.1,0.4,0.16,1,0.16,4.8,,0.5,4.55E-03,9.04E+05,,1,5.71E-03,3.28E+04,,1.5,6.17E-03,2.79E+05,,5.48E-03,12.4,,1.19E-02
row_00189,35.7,12,3,9.1,428.7,2.3,3897.9,2.7,0.000752496,0.00098,2.93,6,17.9,4.5, centre,0.335,0.112,18,2,1.5,0.4,0.16,5,0.8,3.7,,0.5,1.07E-02,1.71E+12,,1,1.36E-02,2.97E+06,,1.5,1.31E-02,1.25E+07,,1.25E-02,10.1,,2.71E-02
row_00078,34.5,22.7,1.5,3.8,784.1,7.4,2950.4,2.8,0.000773655,0.00098,2.28,11,17.2,1.8, centre,0.335,0.112,33,3.7,0.6,0.4,0.16,4,0.64,3.6,,0.5,9.28E-03,1.67E+04,,1,1.08E-02,1.47E+03,,1.5,1.09E-02,6.67E+02,,1.03E-02,7.2,,1.55E-02
row_00196,22.7,18.7,1.2,4.7,423.7,4.4,2002.9,2.9,0.000794813,0.00098,1.59,9.3,11.3,2.3, centre,0.211,0.045,30,1.3,1.2,0.4,0.16,2,0.32,5,,0.5,6.43E-03,1.17E+08,,1,6.35E-03,2.47E+07,,1.5,7.33E-03,2.94E+06,,6.70E-03,6.7,,1.31E-02
row_00004,29.5,13.1,2.3,4.9,387.4,4,1906.3,2.9,0.000815972,0.00098,1.56,3.2,7.4,2.4,mid-point,0.211,0.045,27,1.2,1.3,0.4,0.16,2,0.32,4.9,,0.5,1.01E-02,3.20E+04,,1,9.94E-03,6.62E+04,,1.5,1.06E-02,9.00E+03,,1.02E-02,2.5,,1.39E-02
row_00142,45.2,15.4,2.9,4.2,695.1,6.3,2892.4,3,0.000837131,0.00098,2.42,3.8,11.3,2,mid-point,0.335,0.112,30,3.4,0.7,0.4,0.16,4,0.64,3.8,,0.5,9.14E-03,2.32E+06,,1,9.93E-03,1.77E+06,,1.5,9.74E-03,5.91E+05,,9.61E-03,3.5,,1.76E-02
row_00125,25,16.2,1.5,9.4,405.4,2.1,3801.2,3.1,0.00085829,0.00098,3.26,1,1,4.6, corner,0.335,0.112,18,2,1.6,0.4,0.16,6,0.96,3.4,,0.5,2.45E-02,3.19E+05,,1,2.42E-02,1.03E+06,,1.5,2.45E-02,9.47E+04,,2.44E-02,0.6,,3.04E-02
row_00247,15.5,12.4,1.2,5.2,192.5,2.7,997.5,3.2,0.000879449,0.00098,0.88,1,1,2.5, corner,0.211,0.045,14,0.6,1.4,0.4,0.16,1,0.16,5.5,,0.5,1.25E-02,5.48E+01,,1,1.27E-02,2.80E+01,,1.5,1.26E-02,8.81E+01,,1.26E-02,0.7,,1.51E-02
row_00040,33.8,13,2.6,2.8,439.7,7.6,1210.2,3.2,0.000900608,0.00098,1.09,1,1,1.3, corner,0.211,0.045,30,1.3,0.8,0.4,0.16,2,0.32,3.4,,0.5,1.06E-02,2.74E+05,,1,1.12E-02,1.23E+07,,1.5,1.29E-02,1.50E+06,,1.16E-02,8.5,,1.06E-02
row_00162,38.5,17.8,2.2,5.9,684,4.4,4052.5,3.3,0.000921766,0.00098,3.74,1,1,2.9, corner,0.335,0.112,27,3,1.2,0.4,0.16,6,0.96,3.9,,0.5,2.03E-02,6.55E+04,,1,2.11E-02,1.60E+04,,1.5,2.11E-02,1.93E+03,,2.09E-02,1.9,,2.60E-02
row_00081,23.9,18,1.3,7.2,431.1,2.9,3105.1,3.4,0.000942925,0.00098,2.93,4.5,6,3.6,mid-point,0.335,0.112,18,2,1.4,0.4,0.16,6,0.96,3,,0.5,,,,1,2.59E-02,8.61E+05,,1.5,2.29E-02,1.08E+07,,2.44E-02,6.1,,2.92E-02
row_00219,23.4,12.3,1.9,7.5,287.7,2.3,2157.6,3.5,0.000964084,0.00098,2.08,3,5.8,3.7,mid-point,0.335,0.112,12,1.3,1.5,0.4,0.16,3,0.48,4.3,,0.5,1.73E-02,2.40E+05,,1,1.67E-02,1.97E+05,,1.5,1.60E-02,8.04E+04,,1.67E-02,3.1,,3.07E-02
row_00018,30.8,25.9,1.2,5.3,798,5.3,4226.6,3.5,0.000985243,0.00098,4.16,12,15.4,2.6, centre,0.335,0.112,32,3.6,1.2,0.4,0.16,9,1.44,2.9,,0.5,1.44E-02,3.08E+07,,1,1.48E-02,3.93E+07,,1.5,1.23E-02,1.29E+06,,1.38E-02,8.1,,2.56E-02
row_00152,17.7,11.7,1.5,4.3,207.3,3.4,881.4,3.6,0.001006402,0.00098,0.89,2.9,4.4,2.1,mid-point,0.211,0.045,14,0.6,1.4,0.4,0.16,1,0.16,5.5,,0.5,1.13E-02,3.75E+01,,1,1.10E-02,3.45E+01,,1.5,1.21E-02,1.85E+01,,1.15E-02,4.2,,1.59E-02
row_00107,32,10.7,3,7,343.7,2.6,2409,3.7,0.001027561,0.00098,2.48,1,1,3.5, corner,0.335,0.112,14,1.6,1.6,0.4,0.16,4,0.64,3.9,,0.5,2.63E-02,1.26E+03,,1,2.51E-02,7.88E+02,,1.5,2.74E-02,3.31E+03,,2.63E-02,3.6,,3.18E-02
row_00225,26.9,11.7,2.3,8.6,313.6,2.1,2699,3.8,0.00104872,0.00098,2.83,5.8,13.4,4.3, centre,0.335,0.112,14,1.6,1.8,0.4,0.16,4,0.64,4.4,,0.5,1.45E-02,3.88E+02,,1,1.35E-02,9.07E+02,,1.5,1.53E-02,7.05E+02,,1.44E-02,5.1,,3.50E-02
row_00062,31.5,16.5,1.9,5,521.1,4.6,2602.3,3.9,0.001069878,0.00098,2.78,1,1,2.4, corner,0.335,0.112,21,2.4,1.2,0.4,0.16,4,0.64,4.4,,0.5,2.87E-02,2.51E+05,,1,2.76E-02,9.01E+05,,1.5,2.91E-02,5.08E+04,,2.84E-02,2.2,,2.66E-02
row_00180,31.9,23.6,1.4,3.1,751.7,8.8,2351,3.9,0.001091037,0.00098,2.57,11,15.9,1.5, centre,0.335,0.112,30,3.4,0.8,0.4,0.16,4,0.64,4,,0.5,1.59E-02,1.67E+04,,1,1.63E-02,1.22E+03,,1.5,1.76E-02,2.31E+02,,1.66E-02,4.2,,2.00E-02
row_00071,18.2,8.5,2.1,5.1,154.3,2.4,784.8,4,0.001112196,0.00098,0.87,4.2,9.1,2.5, centre,0.211,0.045,12,0.5,1.6,0.4,0.16,1,0.16,5.5,,0.5,9.46E-03,6.30E+04,,1,9.10E-03,9.06E+04,,1.5,1.09E-02,6.42E+03,,9.82E-03,7.9,,1.81E-02
row_00205,38.5,14.9,2.6,7.3,572,3.3,4168.6,4.1,0.001133355,0.00098,4.72,3.7,9.6,3.6,mid-point,0.335,0.112,24,2.7,1.8,0.4,0.16,8,1.28,3.7,,0.5,1.86E-02,1.50E+03,,1,1.84E-02,1.10E+02,,1.5,1.90E-02,1.38E+03,,1.87E-02,1.3,,3.53E-02
row_00009,32.6,12.4,2.6,8.5,404.2,2.4,3453.1,4.2,0.001154514,0.00098,3.99,1,1,4.2, corner,0.335,0.112,16,1.8,2.2,0.4,0.16,6,0.96,4.2,,0.5,4.37E-02,2.45E+03,,1,4.70E-02,7.78E+03,,1.5,4.93E-02,1.30E+04,,4.67E-02,4.9,,4.15E-02
row_00131,22.9,11.1,2.1,5.3,253.8,3,1345.5,4.2,0.001175673,0.00098,1.58,1,1,2.6, corner,0.211,0.045,18,0.8,2,0.4,0.16,2,0.32,4.9,,0.5,1.86E-02,4.58E+02,,1,1.86E-02,2.57E+03,,1.5,1.84E-02,1.11E+03,,1.85E-02,0.3,,2.09E-02
row_00112,14.1,9.9,1.4,2.8,139.9,4.2,398,4.3,0.001196832,0.00098,0.48,2.4,3.5,1.4,mid-point,0.211,0.045,10,0.4,1.1,0.4,0.16,1,0.16,3,,0.5,1.30E-02,6.49E+01,,1,1.43E-02,4.28E+01,,1.5,1.64E-02,3.22E+01,,1.45E-02,9.6,,1.40E-02
row_00250,42.3,22.6,1.9,4.6,957.9,6.7,4400.6,4.4,0.00121799,0.00098,5.36,5.6,10.6,2.2,mid-point,0.335,0.112,39,4.4,1.2,0.6,0.36,4,1.44,3.7,,0.5,2.60E-02,1.66E+05,,1,2.87E-02,1.41E+06,,1.5,2.84E-02,1.57E+05,,2.77E-02,4.4,,2.84E-02
row_00037,36.9,14.9,2.5,8.4,551.4,2.8,4613.3,4.5,0.001239149,0.00098,5.72,3.7,9.2,4.1,mid-point,0.335,0.112,24,2.7,2.1,0.6,0.36,4,1.44,4,,0.5,2.71E-02,1.15E+04,,1,2.90E-02,4.80E+03,,1.5,2.93E-02,2.61E+03,,2.84E-02,3.4,,4.13E-02
row_00175,18.9,6.8,2.8,5.1,127.4,2.2,649.4,4.5,0.001260308,0.00098,0.82,1.6,4.7,2.5,mid-point,0.211,0.045,10,0.4,1.8,0.4,0.16,1,0.16,5.1,,0.5,1.20E-02,3.47E+01,,1,1.26E-02,3.83E+01,,1.5,1.31E-02,2.63E+01,,1.26E-02,3.7,,2.04E-02
row_00092,27.2,16,1.7,3.6,434.8,5.8,1558.2,4.6,0.001281467,0.00098,2,1,1,1.7, corner,0.335,0.112,18,2,1,0.4,0.16,4,0.64,3.1,,0.5,1.98E-02,6.22E+01,,1,1.96E-02,7.28E+01,,1.5,1.95E-02,1.21E+01,,1.96E-02,0.7,,2.51E-02
row_00214,24.3,23.7,1,6.4,577.1,3.7,3704.5,4.7,0.001302626,0.00098,4.83,1,1,3.2, corner,0.335,0.112,24,2.7,1.8,0.4,0.16,8,1.28,3.8,,0.5,3.89E-02,4.44E+03,,1,3.46E-02,3.15E+04,,1.5,3.89E-02,1.79E+03,,3.74E-02,5.5,,3.75E-02
row_00031,11.7,6.5,1.8,2.7,75.4,3.2,204.7,4.8,0.001323785,0.00098,0.27,3.2,5.8,1.3, centre,0.109,0.012,38,0.5,0.6,0.4,0.16,1,0.16,1.7,,0.5,,,,1,,,,1.5,,,,,,,4.07E-03
row_00149,26.7,19.3,1.4,9.5,514.4,2.4,4903.3,4.8,0.001344944,0.00098,6.59,9.6,13.3,4.7, centre,0.335,0.112,21,2.4,2.8,0.6,0.36,6,2.16,3.1,,0.5,2.01E-02,5.45E+04,,1,1.90E-02,2.99E+04,,1.5,2.27E-02,1.12E+05,,2.06E-02,7.5,,5.10E-02
row_00102,46.3,21.9,2.1,3.3,1015.5,9.7,3337.1,4.9,0.001366102,0.00098,4.56,10,23.1,1.6, centre,0.335,0.112,42,4.7,1,0.4,0.16,8,1.28,3.6,,0.5,1.36E-02,7.17E+01,,1,1.40E-02,2.58E+01,,1.5,1.43E-02,5.88E+01,,1.40E-02,2,,2.52E-02
row_00236,33.3,12.4,2.7,4.3,413.1,4.7,1770.9,5,0.001387261,0.00098,2.46,6.2,16.6,2.1, centre,0.335,0.112,18,2,1.2,0.4,0.16,4,0.64,3.8,,0.5,2.10E-02,1.06E+04,,1,1.85E-02,1.15E+04,,1.5,1.57E-02,1.03E+03,,1.84E-02,11.8,,2.96E-02
row_00051,15.3,14.8,1,7.4,225.7,2,1674.2,5.1,0.00140842,0.00098,2.36,3.6,3.8,3.7,mid-point,0.335,0.112,9,1,2.3,0.4,0.16,4,0.64,3.7,,0.5,1.50E-02,4.47E+01,,1,1.96E-02,1.44E+02,,1.5,1.42E-02,8.35E+00,,1.62E-02,14.6,,4.59E-02
row_00185,26.7,15.5,1.7,7.9,414.1,2.6,3279.1,5.1,0.001429579,0.00098,4.69,7.7,13.4,3.9, centre,0.335,0.112,18,2,2.3,0.4,0.16,8,1.28,3.7,,0.5,1.72E-02,3.35E+03,,1,1.53E-02,1.19E+03,,1.5,1.60E-02,8.12E+02,,1.62E-02,5,,4.59E-02
row_00074,42.7,15.4,2.8,7.3,658.6,3.5,4806.6,5.2,0.001450738,0.00098,6.97,7.7,21.3,3.6, centre,0.335,0.112,27,3,2.3,0.6,0.36,6,2.16,3.2,,0.5,2.20E-02,5.04E+02,,1,2.54E-02,1.14E+02,,1.5,2.50E-02,5.72E+02,,2.41E-02,6.4,,4.59E-02
row_00002,42.1,16.8,2.5,5.3,707.3,5,3762.5,5.4,0.001493056,0.00098,5.62,4.2,10.5,2.6,mid-point,0.335,0.112,30,3.4,1.7,0.6,0.36,4,1.44,3.9,,0.5,3.08E-02,4.57E+04,,1,3.11E-02,2.76E+05,,1.5,2.82E-02,2.38E+04,,3.00E-02,4.4,,3.74E-02
row_00123,19,14.7,1.3,7,279.8,2.4,1944.9,5.5,0.001535373,0.00098,2.99,1,1,3.4, corner,0.335,0.112,12,1.3,2.2,0.4,0.16,6,0.96,3.1,,0.5,3.48E-02,1.87E+02,,1,3.46E-02,3.39E+02,,1.5,3.51E-02,1.16E+02,,3.48E-02,0.6,,4.56E-02
row_00241,29.2,14.6,2,6.7,427,3.1,2853.7,5.6,0.001556532,0.00098,4.44,1,1,3.3, corner,0.335,0.112,18,2,2.2,0.4,0.16,8,1.28,3.5,,0.5,4.53E-02,2.38E+03,,1,4.68E-02,7.27E+02,,1.5,4.73E-02,8.89E+02,,4.65E-02,1.8,,4.56E-02
row_00046,39.3,16.8,2.3,4.7,659,5.5,3066.4,5.7,0.001577691,0.00098,4.84,1,1,2.3, corner,0.335,0.112,27,3,1.6,0.4,0.16,8,1.28,3.8,,0.5,4.35E-02,3.26E+03,,1,4.79E-02,9.78E+03,,1.5,4.72E-02,3.34E+03,,4.62E-02,4.2,,3.70E-02
row_00164,34.1,11.7,2.9,5.5,398,3.6,2196.3,5.8,0.00159885,0.00098,3.51,1,1,2.7, corner,0.335,0.112,16,1.8,2,0.4,0.16,5,0.8,4.4,,0.5,4.25E-02,3.10E+03,,1,4.42E-02,1.20E+03,,1.5,4.19E-02,5.94E+02,,4.29E-02,2.2,,4.25E-02
row_00087,18.4,11.7,1.6,5.8,214.7,2.5,1248.8,5.8,0.001620009,0.00098,2.02,2.9,4.6,2.9,mid-point,0.335,0.112,10,1.1,1.8,0.4,0.16,3,0.48,4.2,,0.5,2.03E-02,1.34E+03,,1,2.26E-02,8.60E+02,,1.5,2.39E-02,2.79E+03,,2.23E-02,6.8,,4.05E-02
row_00221,21.6,18.8,1.1,9.9,405.2,2,4013.9,5.9,0.001641168,0.00098,6.59,4.6,5.4,4.9,mid-point,0.335,0.112,18,2,3.3,0.6,0.36,6,2.16,3,,0.5,2.58E-02,1.68E+01,,1,2.70E-02,2.60E+01,,1.5,2.66E-02,9.95E+01,,2.65E-02,2,,6.04E-02
row_00020,36,18.6,1.9,3.6,667.3,7.3,2370.3,6,0.001662326,0.00098,3.94,9.2,18,1.7, centre,0.335,0.112,27,3,1.3,0.4,0.16,6,0.96,4.1,,0.5,2.15E-02,7.48E+01,,1,2.22E-02,5.57E+01,,1.5,2.13E-02,4.70E+01,,2.17E-02,1.7,,3.28E-02
row_00158,25.1,19.9,1.3,5.5,499.4,4.1,2737.7,6.1,0.001683485,0.00098,4.61,9.9,12.5,2.7, centre,0.335,0.112,21,2.4,2,0.4,0.16,8,1.28,3.6,,0.5,1.93E-02,6.60E+01,,1,2.09E-02,3.54E+02,,1.5,2.03E-02,1.44E+02,,2.01E-02,3.3,,4.33E-02
row_00109,35.1,15.7,2.2,7.7,552.8,3,4265.2,6.1,0.001704644,0.00098,7.27,7.8,17.6,3.8, centre,0.335,0.112,24,2.7,2.7,0.6,0.36,6,2.16,3.4,,0.5,2.44E-02,2.14E+03,,1,2.51E-02,1.17E+04,,1.5,2.28E-02,1.87E+02,,2.41E-02,4,,5.39E-02
row_00231,19.9,7.8,2.6,5.4,155.2,2.3,842.8,6.2,0.001725803,0.00098,1.45,1,1,2.7, corner,0.211,0.045,12,0.5,2.7,0.4,0.16,2,0.32,4.5,,0.5,2.85E-02,1.85E+02,,1,3.18E-02,6.40E+01,,1.5,3.16E-02,8.20E+01,,3.06E-02,4.9,,2.94E-02
row_00056,15.1,13.1,1.2,3.8,197.5,3.7,746.1,6.3,0.001746962,0.00098,1.3,6.5,7.6,1.8, centre,0.211,0.045,15,0.7,2,0.4,0.16,2,0.32,4.1,,0.5,1.26E-02,1.11E+02,,1,1.57E-02,2.37E+02,,1.5,2.02E-02,1.27E+01,,1.61E-02,19.4,,2.36E-02
row_00178,37.3,23.3,1.6,4.8,869.6,6.1,4207.2,6.4,0.001768121,0.00098,7.44,1,1,2.4, corner,0.335,0.112,36,4,1.8,0.6,0.36,6,2.16,3.4,,0.5,3.89E-02,3.19E+02,,1,3.81E-02,1.01E+03,,1.5,3.79E-02,3.43E+02,,3.83E-02,1.1,,4.23E-02
row_00065,30.5,10.5,2.9,8.2,320.9,2.2,2641,6.4,0.00178928,0.00098,4.73,2.6,7.6,4.1,mid-point,0.335,0.112,14,1.6,3,0.4,0.16,7,1.12,4.2,,0.5,2.99E-02,2.29E+02,,1,2.84E-02,1.28E+02,,1.5,3.07E-02,3.02E+02,,2.97E-02,3.2,,5.89E-02
row_00203,28.6,12.2,2.3,6.6,349,2.8,2312.3,6.5,0.001810438,0.00098,4.19,6.1,14.3,3.3, centre,0.335,0.112,14,1.6,2.7,0.4,0.16,7,1.12,3.7,,0.5,2.87E-02,7.42E+01,,1,2.63E-02,6.31E+01,,1.5,2.95E-02,1.97E+02,,2.82E-02,5,,5.45E-02
row_00015,14,5.9,2.4,4.3,83,2.1,359.4,6.6,0.001831597,0.00098,0.66,1,1,2.1, corner,0.211,0.045,6,0.3,2.5,0.4,0.16,1,0.16,4.1,,0.5,3.18E-02,3.29E+00,,1,3.26E-02,3.84E+00,,1.5,3.16E-02,2.76E+00,,3.20E-02,1.3,,2.80E-02
row_00133,38,13.5,2.8,8.7,512.3,2.6,4439.3,6.7,0.001852756,0.00098,8.22,1,1,4.3, corner,0.335,0.112,21,2.4,3.5,0.6,0.36,6,2.16,3.8,,0.5,7.20E-02,1.90E+02,,1,7.20E-02,1.49E+02,,1.5,7.02E-02,8.98E+01,,7.14E-02,1.2,,6.57E-02
row_00118,29.6,17.7,1.7,6.7,524.6,3.4,3491.8,6.7,0.001873915,0.00098,6.54,4.4,7.4,3.3,mid-point,0.335,0.112,21,2.4,2.8,0.6,0.36,6,2.16,3,,0.5,3.22E-02,6.45E+03,,1,3.76E-02,1.15E+04,,1.5,3.15E-02,6.97E+03,,3.38E-02,8,,5.67E-02
row_00035,28.1,10.3,2.7,5.2,290.9,3.3,1519.5,6.9,0.001916233,0.00098,2.91,2.5,7,2.6,mid-point,0.335,0.112,12,1.3,2.2,0.4,0.16,5,0.8,3.6,,0.5,2.33E-02,1.11E+01,,1,2.26E-02,1.12E+01,,1.5,2.19E-02,9.80E+00,,2.26E-02,2.5,,4.83E-02
row_00169,30.1,14.7,2,8.5,442.9,2.5,3743.2,7,0.001937391,0.00098,7.25,3.6,7.5,4.2,mid-point,0.335,0.112,18,2,3.6,0.6,0.36,6,2.16,3.4,,0.5,5.09E-02,2.96E+02,,1,5.06E-02,4.34E+02,,1.5,5.02E-02,3.15E+02,,5.05E-02,0.6,,6.80E-02
row_00090,40.6,27.9,1.5,4.1,1133.7,8.2,4652,7.1,0.00195855,0.00098,9.11,1,1,2, corner,0.335,0.112,48,5.4,1.7,0.6,0.36,6,2.16,4.2,,0.5,5.77E-02,6.38E+04,,1,5.70E-02,1.16E+05,,1.5,6.03E-02,1.54E+04,,5.84E-02,2.4,,4.13E-02
row_00208,18.8,10.6,1.8,3.1,199.2,4.6,610.7,7.1,0.001979709,0.00098,1.21,1,1,1.5, corner,0.211,0.045,14,0.6,1.9,0.4,0.16,2,0.32,3.8,,0.5,3.41E-02,8.11E+02,,1,3.42E-02,5.56E+02,,1.5,3.82E-02,1.35E+02,,3.55E-02,5.4,,2.45E-02
row_00025,21.5,20.3,1.1,7.6,435.8,2.8,3298.4,7.2,0.002000868,0.00098,6.6,10,10.8,3.7, centre,0.335,0.112,18,2,3.3,0.6,0.36,6,2.16,3.1,,0.5,3.47E-02,1.09E+02,,1,3.47E-02,1.54E+01,,1.5,3.92E-02,2.17E+01,,3.62E-02,5.8,,6.46E-02
row_00147,20,12.3,1.6,7.4,245.5,2.1,1809.6,7.3,0.002022027,0.00098,3.66,6.1,10,3.6, centre,0.335,0.112,10,1.1,3.3,0.4,0.16,6,0.96,3.8,,0.5,2.28E-02,9.26E+00,,1,2.56E-02,6.40E+00,,1.5,2.61E-02,9.35E+00,,2.48E-02,5.9,,6.47E-02
row_00234,41.3,17,2.4,6.9,703.1,3.8,4864.6,7.4,0.002064345,0.00098,10.04,8.5,20.7,3.4, centre,0.335,0.112,30,3.4,3,0.85,0.72,4,2.89,3.5,,0.5,3.32E-02,2.65E+02,,1,3.69E-02,1.12E+03,,1.5,3.92E-02,3.74E+02,,3.64E-02,6.7,,6.14E-02
row_00053,29.5,16.5,1.8,9.8,486.9,2.3,4768,7.5,0.002085503,0.00098,9.94,8.2,14.7,4.8, centre,0.335,0.112,21,2.4,4.2,0.6,0.36,8,2.88,3.5,,0.5,3.22E-02,1.51E+02,,1,3.32E-02,1.89E+02,,1.5,3.76E-02,1.86E+03,,3.44E-02,6.9,,7.76E-02
row_00191,9.9,6.7,1.5,2.8,66.9,2.9,185.4,7.6,0.002106662,0.00098,0.39,1.6,2.5,1.3,mid-point,0.211,0.045,6,0.3,1.5,0.4,0.16,1,0.16,2.4,,0.5,1.43E-02,2.91E+01,,1,1.72E-02,1.79E+01,,1.5,2.28E-02,1.10E+01,,1.81E-02,19.4,,2.07E-02
row_00076,27.6,13.7,2,4.5,376.6,4.3,1712.9,7.7,0.002127821,0.00098,3.64,1,1,2.2, corner,0.335,0.112,15,1.7,2.2,0.4,0.16,6,0.96,3.8,,0.5,4.63E-02,5.43E+01,,1,4.64E-02,2.36E+01,,1.5,4.92E-02,1.21E+01,,4.73E-02,2.8,,5.01E-02
row_00198,48.1,17.8,2.7,3.8,854.7,7.7,3240.4,7.7,0.00214898,0.00098,6.96,8.8,24.1,1.8, centre,0.335,0.112,36,4,1.7,0.6,0.36,6,2.16,3.2,,0.5,1.73E-02,1.66E+04,,1,1.73E-02,1.77E+05,,1.5,1.67E-02,3.40E+04,,1.71E-02,1.7,,4.32E-02
row_00006,36.5,20.8,1.7,4.1,760.2,6.7,3143.8,7.8,0.002170139,0.00098,6.82,1,1,2, corner,0.335,0.112,30,3.4,2,0.6,0.36,6,2.16,3.2,,0.5,1.10E-01,2.43E+04,,1,1.07E-01,3.38E+04,,1.5,1.12E-01,1.46E+04,,1.10E-01,1.9,,4.82E-02
row_00140,22.3,15.5,1.4,4.8,345.4,3.9,1654.9,7.9,0.002191298,0.00098,3.63,1,1,2.3, corner,0.335,0.112,15,1.7,2.2,0.4,0.16,6,0.96,3.8,,0.5,3.92E-02,1.21E+02,,1,4.24E-02,6.74E+01,,1.5,4.72E-02,8.41E+01,,4.29E-02,7.6,,5.04E-02
row_00245,35.6,13,2.7,10.2,462.6,2.1,4710,8,0.002233615,0.00098,10.52,3.2,8.9,5,mid-point,0.335,0.112,21,2.4,4.5,0.85,0.72,4,2.89,3.6,,0.5,4.78E-02,1.10E+02,,1,4.45E-02,8.71E+01,,1.5,4.54E-02,1.10E+02,,4.59E-02,3,,8.25E-02
row_00042,29,26.5,1.1,6.4,768.1,4.3,4922.7,8.1,0.002254774,0.00098,11.1,6.6,7.2,3.2,mid-point,0.335,0.112,32,3.6,3.1,0.85,0.72,6,4.34,2.6,,0.5,6.87E-02,3.56E+04,,1,7.05E-02,4.11E+05,,1.5,7.03E-02,6.09E+04,,6.98E-02,1.1,,6.47E-02
row_00083,27.1,9.6,2.8,7.2,259.5,2.2,1867.6,8.3,0.002297092,0.00098,4.29,1,1,3.5, corner,0.335,0.112,10,1.1,3.8,0.4,0.16,7,1.12,3.8,,0.5,7.03E-02,1.78E+01,,1,6.91E-02,1.42E+01,,1.5,7.21E-02,1.73E+01,,7.05E-02,1.7,,7.51E-02
row_00217,33.3,13.9,2.4,7.4,461.7,2.9,3395.1,8.3,0.002318251,0.00098,7.87,1,1,3.6, corner,0.335,0.112,18,2,3.9,0.6,0.36,6,2.16,3.6,,0.5,1.01E-01,1.91E+02,,1,9.95E-02,2.01E+02,,1.5,1.03E-01,7.07E+01,,1.01E-01,1.5,,7.62E-02
row_00016,19.9,7.4,2.7,3.5,147.3,3.5,514.1,8.4,0.00233941,0.00098,1.2,1,1,1.7, corner,0.211,0.045,10,0.4,2.7,0.4,0.16,2,0.32,3.8,,0.5,3.14E-02,4.89E+00,,1,3.29E-02,5.23E+00,,1.5,3.15E-02,3.85E+00,,3.19E-02,2.1,,3.23E-02
row_00154,40.6,20.2,2,5.6,820.9,5.1,4593.9,8.5,0.002360569,0.00098,10.84,10,20.3,2.7, centre,0.335,0.112,33,3.7,2.9,0.85,0.72,4,2.89,3.8,,0.5,3.86E-02,5.31E+01,,1,3.58E-02,2.60E+01,,1.5,3.46E-02,1.49E+01,,3.63E-02,4.7,,6.34E-02
row_00105,24,16.2,1.5,9.4,387.5,2.1,3646.5,8.6,0.002381727,0.00098,8.68,8,12,4.7, centre,0.335,0.112,15,1.7,5.2,0.6,0.36,6,2.16,4,,0.5,3.81E-02,2.10E+02,,1,3.67E-02,2.74E+02,,1.5,3.59E-02,1.17E+02,,3.69E-02,2.4,,9.28E-02
row_00227,20.9,11.6,1.8,6,243,2.6,1461.5,8.7,0.002402886,0.00098,3.51,2.9,5.2,3,mid-point,0.335,0.112,10,1.1,3.1,0.4,0.16,5,0.8,4.4,,0.5,3.35E-02,6.17E+01,,1,3.34E-02,9.48E+01,,1.5,3.46E-02,4.96E+01,,3.39E-02,1.6,,6.67E-02
row_00060,35,14.5,2.4,2.7,509.3,8.4,1364.8,8.7,0.002424045,0.00098,3.31,7.2,17.5,1.3, centre,0.335,0.112,21,2.4,1.4,0.4,0.16,6,0.96,3.4,,0.5,2.40E-02,3.83E+01,,1,2.64E-02,3.00E+01,,1.5,2.61E-02,3.58E+01,,2.55E-02,4.2,,3.92E-02
row_00182,43.2,15.2,2.9,5.5,655,4.7,3588.5,8.8,0.002445204,0.00098,8.77,3.7,10.8,2.7,mid-point,0.335,0.112,27,3,2.9,0.6,0.36,6,2.16,4.1,,0.5,3.96E-02,1.73E+01,,1,4.01E-02,2.31E+01,,1.5,4.40E-02,8.09E+00,,4.12E-02,4.8,,6.37E-02
row_00069,31.3,19.1,1.6,7.6,595.6,3.2,4497.3,8.9,0.002466363,0.00098,11.09,9.5,15.6,3.7, centre,0.335,0.112,24,2.7,4.1,0.85,0.72,4,2.89,3.8,,0.5,4.38E-02,1.68E+02,,1,4.30E-02,9.36E+01,,1.5,4.76E-02,7.63E+01,,4.48E-02,4.5,,8.08E-02
row_00207,10.8,10,1.1,4.2,108.3,2.5,456.1,9,0.002487522,0.00098,1.13,4.9,5.4,2.1, centre,0.211,0.045,8,0.4,3.2,0.4,0.16,2,0.32,3.5,,0.5,1.50E-02,1.31E+01,,1,1.95E-02,7.60E+00,,1.5,1.59E-02,5.48E+00,,1.68E-02,11.6,,3.68E-02
row_00011,20.1,17.9,1.1,6.2,359.5,3.1,2215.6,9,0.002508681,0.00098,5.56,4.4,5,3,mid-point,0.335,0.112,15,1.7,3.3,0.6,0.36,4,1.44,3.9,,0.5,3.88E-02,4.61E+03,,1,4.43E-02,4.40E+03,,1.5,4.62E-02,3.59E+03,,4.31E-02,7.2,,7.01E-02
row_00129,22.7,14.5,1.6,7.9,329,2.3,2583,9.1,0.002529839,0.00098,6.53,3.6,5.7,3.9,mid-point,0.335,0.112,15,1.7,3.9,0.6,0.36,6,2.16,3,,0.5,3.41E-02,1.24E+02,,1,3.02E-02,1.91E+01,,1.5,3.66E-02,3.62E+01,,3.36E-02,7.9,,7.83E-02
row_00114,52.7,18,2.9,4.3,948.9,7.1,4110.5,9.2,0.002550998,0.00098,10.49,1,1,2.1, corner,0.335,0.112,39,4.4,2.4,0.85,0.72,4,2.89,3.6,,0.5,4.69E-02,2.43E+02,,1,4.80E-02,2.07E+02,,1.5,4.97E-02,3.35E+02,,4.82E-02,2.4,,5.69E-02
row_00248,21.6,9.1,2.4,3.5,197.2,4,688.1,9.3,0.002572157,0.00098,1.77,1,1,1.7, corner,0.335,0.112,8,0.9,2,0.4,0.16,3,0.48,3.7,,0.5,5.05E-02,8.00E+00,,1,4.83E-02,5.81E+00,,1.5,4.72E-02,4.38E+00,,4.87E-02,2.8,,5.01E-02
row_00039,17.6,8.9,2,5.7,157.4,2.2,900.8,9.3,0.002593316,0.00098,2.34,1,1,2.8, corner,0.335,0.112,6,0.7,3.5,0.4,0.16,4,0.64,3.7,,0.5,7.46E-02,4.11E+01,,1,7.49E-02,4.83E+01,,1.5,7.93E-02,3.39E+01,,7.63E-02,2.8,,7.33E-02
row_00173,26.3,20.4,1.3,8.1,535.9,2.8,4361.9,9.4,0.002614475,0.00098,11.4,1,1,4, corner,0.335,0.112,21,2.4,4.8,0.85,0.72,4,2.89,3.9,,0.5,1.41E-01,5.36E+02,,1,1.31E-01,3.69E+02,,1.5,1.41E-01,8.24E+02,,1.38E-01,3.5,,9.17E-02
row_00094,32.3,14.7,2.2,5.9,472.9,3.7,2795.7,9.5,0.002635634,0.00098,7.37,3.6,8.1,2.9,mid-point,0.335,0.112,21,2.4,3.1,0.6,0.36,6,2.16,3.4,,0.5,4.01E-02,1.65E+01,,1,4.27E-02,1.88E+01,,1.5,4.23E-02,1.07E+01,,4.17E-02,2.7,,6.87E-02
row_00212,39,15.4,2.5,4.1,601.6,6,2467,9.6,0.002656793,0.00098,6.55,3.8,9.7,2,mid-point,0.335,0.112,24,2.7,2.4,0.6,0.36,6,2.16,3,,0.5,3.44E-02,1.23E+02,,1,3.30E-02,6.33E+01,,1.5,3.47E-02,2.54E+01,,3.41E-02,2.2,,5.83E-02
row_00029,32.2,13.9,2.3,8.7,448.4,2.4,3917.2,9.6,0.002677951,0.00098,10.49,3.4,8.1,4.3,mid-point,0.335,0.112,18,2,5.2,0.85,0.72,4,2.89,3.6,,0.5,5.98E-02,2.18E+01,,1,6.46E-02,2.45E+01,,1.5,6.31E-02,1.58E+01,,6.25E-02,3.2,,9.69E-02
row_00151,26.3,9.1,2.9,5,240,3.1,1190.8,9.7,0.00269911,0.00098,3.21,4.5,13.2,2.4, centre,0.335,0.112,10,1.1,2.9,0.4,0.16,5,0.8,4,,0.5,3.93E-02,7.09E+00,,1,4.13E-02,5.61E+00,,1.5,4.31E-02,8.67E+00,,4.12E-02,3.8,,6.53E-02
row_00100,27.6,17.2,1.6,4.4,474.5,4.9,2099.6,9.8,0.002720269,0.00098,5.71,8.5,13.8,2.2, centre,0.335,0.112,21,2.4,2.4,0.6,0.36,4,1.44,4,,0.5,3.33E-02,3.38E+01,,1,3.45E-02,3.10E+01,,1.5,3.33E-02,7.83E+00,,3.37E-02,1.6,,5.86E-02
row_00238,32.6,27.7,1.2,3.3,902.6,9,3008.4,9.9,0.002741428,0.00098,8.25,1,1,1.6, corner,0.335,0.112,36,4,2,0.6,0.36,6,2.16,3.8,,0.5,6.21E-02,4.03E+03,,1,6.78E-02,1.27E+04,,1.5,6.64E-02,1.14E+03,,6.54E-02,3.7,,5.24E-02
row_00049,31,12.2,2.5,7.7,379.6,2.5,2911.7,9.9,0.002762587,0.00098,8.04,6.1,15.5,3.8, centre,0.335,0.112,16,1.8,4.5,0.6,0.36,6,2.16,3.7,,0.5,8.28E-02,9.13E+00,,1,7.79E-02,4.91E+00,,1.5,9.00E-02,9.96E+00,,8.36E-02,5.9,,8.87E-02
row_00187,24,10.8,2.2,7.9,259.3,2,2041.6,10,0.002783746,0.00098,5.68,5.3,12,3.9, centre,0.335,0.112,10,1.1,5.1,0.6,0.36,4,1.44,3.9,,0.5,4.88E-02,1.61E+01,,1,4.83E-02,3.25E+01,,1.5,4.82E-02,9.42E+00,,4.84E-02,0.6,,9.65E-02
row_00072,20.4,16.1,1.3,3.3,327.8,5.4,1094.1,10.1,0.002804905,0.00098,3.07,8,10.2,1.6, centre,0.335,0.112,15,1.7,1.8,0.4,0.16,6,0.96,3.2,,0.5,3.40E-02,1.23E+01,,1,3.57E-02,1.43E+01,,1.5,3.82E-02,7.77E+00,,3.60E-02,4.8,,4.90E-02
row_00194,33.6,17.1,2,6.7,575.3,3.6,3859.2,10.2,0.002826063,0.00098,10.91,8.5,16.8,3.3, centre,0.335,0.112,24,2.7,4,0.85,0.72,4,2.89,3.8,,0.5,4.86E-02,2.24E+01,,1,4.50E-02,3.89E+01,,1.5,5.36E-02,1.73E+01,,4.91E-02,7.2,,8.36E-02
row_00001,28.8,14.4,2,6.1,413.8,3.3,2525,10.3,0.002847222,0.00098,7.19,7.1,14.4,3, centre,0.335,0.112,18,2,3.6,0.6,0.36,6,2.16,3.3,,0.5,3.03E-02,3.37E+01,,1,3.42E-02,2.22E+01,,1.5,4.21E-02,1.70E+01,,3.55E-02,13.9,,7.69E-02
row_00139,29.1,10.8,2.7,7.2,314.4,2.5,2273.6,10.3,0.002868381,0.00098,6.52,5.4,14.6,3.6, centre,0.335,0.112,14,1.6,4.2,0.6,0.36,5,1.8,3.6,,0.5,5.09E-02,8.89E+00,,1,4.99E-02,8.18E+00,,1.5,5.03E-02,7.21E+00,,5.04E-02,0.8,,8.54E-02
row_00242,32.2,21.6,1.5,5.9,694.7,4.5,4091.2,10.5,0.002910699,0.00098,11.91,10,16.1,2.9, centre,0.335,0.112,30,3.4,3.5,0.85,0.72,4,2.89,4.1,,0.5,4.80E-02,1.02E+01,,1,5.19E-02,1.87E+01,,1.5,5.13E-02,6.02E+00,,5.04E-02,3.5,,7.71E-02
row_00045,35,12.3,2.8,10,430.9,2.1,4303.9,10.6,0.002931858,0.00098,12.62,1,1,4.9, corner,0.335,0.112,18,2,6.2,0.85,0.72,4,2.89,4.4,,0.5,1.12E-01,1.39E+02,,1,1.19E-01,1.56E+02,,1.5,1.23E-01,7.81E+01,,1.18E-01,3.9,,1.13E-01
row_00167,21.2,8.8,2.4,5.1,186.5,2.7,958.8,10.6,0.002953016,0.00098,2.83,4.3,10.6,2.5, centre,0.335,0.112,8,0.9,3.2,0.4,0.16,4,0.64,4.4,,0.5,5.62E-02,9.32E+00,,1,5.22E-02,8.65E+00,,1.5,5.08E-02,5.19E+00,,5.31E-02,4.3,,7.18E-02
row_00084,21.1,19.6,1.1,6,412.4,3.4,2486.3,10.7,0.002974175,0.00098,7.39,9.7,10.5,3, centre,0.335,0.112,18,2,3.7,0.6,0.36,6,2.16,3.4,,0.5,3.39E-02,3.28E+01,,1,4.33E-02,1.79E+01,,1.5,4.10E-02,1.55E+01,,3.94E-02,10.1,,7.95E-02
row_00222,31.3,19,1.6,4.7,593.2,5.2,2776.4,10.8,0.002995334,0.00098,8.32,4.7,7.8,2.3,mid-point,0.335,0.112,24,2.7,3.1,0.6,0.36,6,2.16,3.9,,0.5,3.72E-02,1.98E+01,,1,4.25E-02,1.37E+01,,1.5,4.34E-02,8.79E+00,,4.10E-02,6.7,,7.11E-02
row_00023,16.5,11.5,1.4,6,188.6,2.3,1132.8,10.9,0.003016493,0.00098,3.42,2.8,4.1,3,mid-point,0.335,0.112,8,0.9,3.8,0.4,0.16,5,0.8,4.3,,0.5,4.17E-02,2.50E+01,,1,4.51E-02,9.18E+01,,1.5,3.11E-02,2.39E+01,,3.93E-02,15.2,,8.19E-02
row_00157,29.9,17,1.8,7.8,509.8,2.9,3975.2,10.9,0.003037652,0.00098,12.08,4.2,7.5,3.8,mid-point,0.335,0.112,21,2.4,5.1,0.85,0.72,4,2.89,4.2,,0.5,8.73E-02,6.61E+01,,1,1.01E-01,5.33E+01,,1.5,1.09E-01,4.08E+01,,9.91E-02,9.1,,1.00E-01
row_00110,39.2,14.3,2.7,5.4,560.6,4.4,3027.7,11,0.003058811,0.00098,9.26,1,1,2.7, corner,0.335,0.112,24,2.7,3.4,0.6,0.36,6,2.16,4.3,,0.5,7.72E-02,1.37E+01,,1,7.51E-02,7.44E+00,,1.5,7.65E-02,7.95E+00,,7.63E-02,1.2,,7.69E-02
row_00228,35.6,17.3,2.1,3.4,616.4,7.4,2080.3,11.1,0.00307997,0.00098,6.41,1,1,1.6, corner,0.335,0.112,27,3,2.1,0.6,0.36,4,1.44,4.4,,0.5,5.62E-02,2.51E+01,,1,5.71E-02,2.23E+01,,1.5,5.98E-02,1.62E+01,,5.77E-02,2.6,,5.58E-02
row_00059,22.5,13.6,1.7,6.5,307,2.7,1983.6,11.2,0.003101128,0.00098,6.15,1,1,3.2, corner,0.335,0.112,12,1.3,4.6,0.6,0.36,4,1.44,4.3,,0.5,7.71E-02,5.37E+00,,1,8.49E-02,3.43E+00,,1.5,9.15E-02,2.93E+00,,8.45E-02,7,,9.34E-02
row_00177,19.5,17.7,1.1,8.6,344.7,2.2,2969.7,11.2,0.003122287,0.00098,9.27,1,1,4.3, corner,0.335,0.112,15,1.7,5.5,0.6,0.36,6,2.16,4.3,,0.5,6.35E-02,1.62E+01,,1,7.03E-02,1.13E+01,,1.5,7.51E-02,1.06E+01,,6.96E-02,6.8,,1.06E-01
row_00066,44.8,18.7,2.4,4.6,839.8,6.3,3878.5,11.3,0.003143446,0.00098,12.19,4.6,11.2,2.3,mid-point,0.335,0.112,36,4,3,0.85,0.72,4,2.89,4.2,,0.5,4.25E-02,7.18E+00,,1,4.17E-02,5.04E+00,,1.5,4.37E-02,6.35E+00,,4.26E-02,2,,7.12E-02
row_00200,27.2,9.6,2.8,4.1,261.1,3.9,1074.8,11.4,0.003164605,0.00098,3.4,2.3,6.8,2,mid-point,0.335,0.112,10,1.1,3,0.4,0.16,5,0.8,4.3,,0.5,3.99E-02,8.09E+00,,1,4.44E-02,5.15E+00,,1.5,4.41E-02,4.70E+00,,4.28E-02,4.8,,7.15E-02
row_00012,35.4,12.3,2.9,3.7,436.7,5.7,1596.9,11.5,0.003185764,0.00098,5.09,6.1,17.7,1.8, centre,0.335,0.112,18,2,2.5,0.6,0.36,4,1.44,3.5,,0.5,3.74E-02,8.80E+00,,1,3.93E-02,6.30E+00,,1.5,3.63E-02,6.28E+00,,3.77E-02,3.3,,6.34E-02
row_00134,34.2,14.7,2.3,6.4,504.2,3.5,3201.8,11.5,0.003206923,0.00098,10.27,7.3,17.1,3.1, centre,0.335,0.112,21,2.4,4.4,0.85,0.72,4,2.89,3.6,,0.5,5.80E-02,8.56E+00,,1,5.72E-02,9.09E+00,,1.5,6.07E-02,7.81E+00,,5.86E-02,2.6,,9.15E-02
row_00117,24.9,21.2,1.2,9,527.3,2.6,4729.3,11.6,0.003228082,0.00098,15.27,10,12.4,4.4, centre,0.335,0.112,21,2.4,6.5,0.85,0.72,6,4.34,3.5,,0.5,6.00E-02,6.91E+00,,1,5.33E-02,1.19E+01,,1.5,6.09E-02,8.59E+00,,5.81E-02,5.9,,1.19E-01
row_00170,58.3,23,2.5,3.7,1339.8,9.8,4980.7,11.8,0.003291558,0.00098,16.39,11,29.2,1.8, centre,0.335,0.112,54,6.1,2.7,0.85,0.72,6,4.34,3.8,,0.5,2.74E-02,8.00E+04,,1,2.67E-02,1.60E+05,,1.5,2.70E-02,1.65E+05,,2.70E-02,0.9,,6.72E-02
row_00089,28.1,14.4,2,8.5,403.1,2.4,3414.5,11.9,0.003312717,0.00098,11.31,7.1,14,4.2, centre,0.335,0.112,18,2,5.6,0.85,0.72,4,2.89,3.9,,0.5,5.43E-02,1.27E+01,,1,6.18E-02,2.24E+01,,1.5,5.05E-02,2.60E+01,,5.55E-02,8.4,,1.09E-01
row_00211,20.3,15.9,1.3,5.7,323.8,3.2,1848.2,12,0.003333876,0.00098,6.16,1,1,2.8, corner,0.335,0.112,15,1.7,3.7,0.6,0.36,4,1.44,4.3,,0.5,8.92E-02,7.28E+01,,1,9.55E-02,1.10E+02,,1.5,1.05E-01,1.68E+02,,9.67E-02,6.9,,8.26E-02
row_00026,32.3,20.7,1.6,6.8,668.4,3.8,4535.9,12.1,0.003355035,0.00098,15.22,1,1,3.3, corner,0.335,0.112,27,3,5,0.85,0.72,6,4.34,3.5,,0.5,1.32E-01,1.50E+02,,1,1.22E-01,6.56E+01,,1.5,1.40E-01,7.35E+01,,1.31E-01,5.4,,1.02E-01
row_00144,15.9,14.1,1.1,2.6,224.3,5.9,572.1,12.2,0.003376194,0.00098,1.93,1,1,1.2, corner,0.335,0.112,9,1,1.9,0.4,0.16,4,0.64,3,,0.5,6.85E-02,1.66E+02,,1,7.24E-02,1.89E+02,,1.5,5.79E-02,9.48E+01,,6.63E-02,9.3,,5.38E-02
row_00099,22.8,9.7,2.4,6.7,220.2,2.2,1480.9,12.2,0.003397352,0.00098,5.03,2.4,5.7,3.3,mid-point,0.335,0.112,10,1.1,4.5,0.6,0.36,3,1.08,4.7,,0.5,1.12E-01,1.16E+01,,1,1.11E-01,1.05E+01,,1.5,1.24E-01,1.40E+01,,1.16E-01,5,,9.51E-02
row_00233,36.9,12.6,2.9,7.8,465.7,2.8,3627.1,12.3,0.003418511,0.00098,12.4,3.1,9.2,3.8,mid-point,0.335,0.112,21,2.4,5.3,0.85,0.72,4,2.89,4.3,,0.5,6.18E-02,1.38E+01,,1,5.84E-02,1.84E+01,,1.5,6.47E-02,9.20E+00,,6.16E-02,4.2,,1.06E-01
row_00054,32.9,25.7,1.3,4.2,844.9,7,3530.5,12.4,0.00343967,0.00098,12.14,6.4,8.2,2,mid-point,0.335,0.112,36,4,3,0.85,0.72,6,4.34,2.8,,0.5,5.68E-02,3.09E+01,,1,5.66E-02,3.97E+01,,1.5,6.45E-02,9.27E+01,,5.93E-02,6.2,,7.31E-02
row_00188,25.5,12.9,2,4.3,328.4,4.2,1422.9,12.5,0.003460829,0.00098,4.92,3.2,6.4,2.1,mid-point,0.335,0.112,15,1.7,2.9,0.4,0.16,8,1.28,3.8,,0.5,4.36E-02,2.44E+01,,1,3.68E-02,1.74E+01,,1.5,4.25E-02,1.72E+01,,4.10E-02,7.3,,7.20E-02
row_00079,17.8,7.1,2.5,3.8,126.4,3,475.4,12.5,0.003481988,0.00098,1.66,1,1,1.8, corner,0.335,0.112,6,0.7,2.5,0.4,0.16,3,0.48,3.4,,0.5,6.52E-02,1.64E+01,,1,6.33E-02,1.96E+01,,1.5,6.41E-02,1.61E+01,,6.42E-02,1.2,,6.42E-02
row_00197,32.5,14.7,2.2,9.4,477.1,2.3,4477.9,12.6,0.003503147,0.00098,15.69,1,1,4.6, corner,0.335,0.112,21,2.4,6.7,0.85,0.72,6,4.34,3.6,,0.5,1.18E-01,2.31E+01,,1,1.16E-01,1.55E+01,,1.5,1.21E-01,1.47E+01,,1.18E-01,1.6,,1.25E-01
row_00005,23.9,19.1,1.3,9.6,456,2.2,4381.2,12.7,0.003524306,0.00098,15.44,9.5,11.9,4.8, centre,0.335,0.112,18,2,7.6,0.85,0.72,6,4.34,3.6,,0.5,6.27E-02,2.40E+01,,1,6.70E-02,8.91E+01,,1.5,6.78E-02,1.80E+01,,6.59E-02,3.4,,1.37E-01
row_00143,14.7,7.5,1.9,3.8,110.8,2.8,417.4,12.8,0.003545464,0.00098,1.48,1,1,1.8, corner,0.211,0.045,8,0.4,4.2,0.4,0.16,2,0.32,4.6,,0.5,4.77E-02,2.16E+00,,1,5.03E-02,1.93E+00,,1.5,4.71E-02,1.83E+00,,4.84E-02,2.9,,4.95E-02
row_00124,27.3,10.7,2.5,4.5,292.1,3.8,1326.2,12.8,0.003566623,0.00098,4.73,2.6,6.8,2.2,mid-point,0.335,0.112,12,1.3,3.5,0.4,0.16,7,1.12,4.2,,0.5,5.36E-02,1.23E+01,,1,5.72E-02,9.93E+00,,1.5,6.18E-02,6.16E+00,,5.76E-02,5.8,,8.21E-02
row_00246,40.7,18.1,2.2,4.7,737.3,5.8,3472.5,12.9,0.003587782,0.00098,12.46,9,20.3,2.3, centre,0.335,0.112,30,3.4,3.7,0.85,0.72,4,2.89,4.3,,0.5,4.62E-02,1.12E+01,,1,5.29E-02,1.13E+01,,1.5,5.97E-02,5.55E+00,,5.29E-02,10.4,,8.52E-02
row_00041,28.2,17.7,1.6,7.4,498.3,3,3685.2,13,0.003608941,0.00098,13.3,8.8,14.1,3.6, centre,0.335,0.112,21,2.4,5.6,0.85,0.72,6,4.34,3.1,,0.5,5.49E-02,1.76E+01,,1,6.42E-02,1.91E+01,,1.5,6.12E-02,1.34E+01,,6.01E-02,6.4,,1.13E-01
row_00163,16.7,14.3,1.2,6.6,239.1,2.3,1577.5,13.1,0.0036301,0.00098,5.73,7.1,8.3,3.2, centre,0.335,0.112,12,1.3,4.3,0.6,0.36,4,1.44,4,,0.5,2.00E-02,7.59E+01,,1,3.17E-02,9.05E+01,,1.5,3.27E-02,1.34E+01,,2.81E-02,20.4,,9.39E-02
row_00218,45.5,15.7,2.9,6.5,715.2,4.1,4632.6,13.2,0.003672418,0.00098,17.01,7.8,22.8,3.2, centre,0.335,0.112,30,3.4,5.1,0.85,0.72,6,4.34,3.9,,0.5,4.56E-02,3.46E+02,,1,5.12E-02,4.86E+02,,1.5,5.06E-02,3.50E+02,,4.92E-02,5.1,,1.06E-01
row_00019,24.5,11.2,2.2,6.4,273.4,2.6,1751.6,13.3,0.003693576,0.00098,6.47,1,1,3.2, corner,0.335,0.112,12,1.3,4.8,0.6,0.36,4,1.44,4.5,,0.5,8.99E-02,1.09E+01,,1,1.01E-01,1.35E+01,,1.5,1.09E-01,1.67E+01,,9.98E-02,7.7,,1.02E-01
row_00153,30,11.9,2.5,9.4,358.1,2,3356.4,13.4,0.003714735,0.00098,12.47,1,1,4.6, corner,0.335,0.112,14,1.6,7.9,0.85,0.72,4,2.89,4.3,,0.5,2.15E-01,3.60E+01,,1,2.23E-01,4.23E+01,,1.5,2.33E-01,2.91E+01,,2.23E-01,3.3,,1.43E-01
row_00106,42.5,21.4,2,5.4,909.3,5.6,4884,13.4,0.003735894,0.00098,18.25,5.3,10.6,2.6,mid-point,0.335,0.112,36,4,4.5,0.85,0.72,6,4.34,4.2,,0.5,8.50E-02,1.02E+01,,1,8.03E-02,4.26E+00,,1.5,8.38E-02,4.36E+00,,8.30E-02,2.4,,9.86E-02
row_00224,10.5,8.1,1.3,2.6,85,3.5,224,13.5,0.003757053,0.00098,0.84,2,2.6,1.3,mid-point,0.211,0.045,6,0.3,3.2,0.4,0.16,1,0.16,5.3,,0.5,4.46E-02,8.02E+00,,1,4.78E-02,5.21E+00,,1.5,4.80E-02,4.84E+00,,4.68E-02,3.4,,4.20E-02
row_00063,11.5,3.9,2.9,2.8,45.2,2.4,127.3,13.6,0.003778212,0.00098,0.48,0.9,2.9,1.4,mid-point,0.211,0.045,4,0.2,2.7,0.4,0.16,1,0.16,3,,0.5,3.11E-02,2.26E+00,,1,3.16E-02,2.38E+00,,1.5,3.68E-02,2.25E+00,,3.31E-02,7.7,,3.80E-02
row_00181,38.1,16.2,2.4,7.8,618.1,3.2,4826,13.7,0.003799371,0.00098,18.34,4,9.5,3.9,mid-point,0.335,0.112,27,3,6.1,0.85,0.72,6,4.34,4.2,,0.5,5.20E-02,2.53E+01,,1,5.32E-02,2.39E+01,,1.5,5.19E-02,6.97E+00,,5.24E-02,1.1,,1.21E-01
row_00070,26.7,23.4,1.1,5.2,623.5,4.8,3259.8,13.8,0.00382053,0.00098,12.45,1,1,2.6, corner,0.335,0.112,27,3,4.1,0.85,0.72,4,2.89,4.3,,0.5,9.40E-02,3.63E+00,,1,9.94E-02,4.18E+00,,1.5,1.03E-01,2.85E+00,,9.89E-02,3.8,,9.33E-02
row_00204,31.9,20.1,1.6,2.6,639.6,9.6,1693.6,13.8,0.003841688,0.00098,6.51,1,1,1.3, corner,0.335,0.112,27,3,2.1,0.6,0.36,6,2.16,3,,0.5,5.87E-02,4.81E+03,,1,6.66E-02,2.60E+02,,1.5,6.61E-02,1.08E+02,,6.38E-02,5.7,,6.06E-02
row_00008,20.8,12.8,1.6,3.7,266.4,4.4,978.1,13.9,0.003862847,0.00098,3.78,6.4,10.4,1.8, centre,0.335,0.112,12,1.3,2.8,0.4,0.16,6,0.96,3.9,,0.5,4.17E-02,5.13E+00,,1,3.73E-02,7.32E+00,,1.5,4.21E-02,3.48E+00,,4.04E-02,5.4,,7.26E-02
row_00130,31.7,29.6,1.1,4.1,938.8,7.5,3820.5,14,0.003884006,0.00098,14.84,7.4,7.9,2,mid-point,0.335,0.112,40,4.5,3.3,0.85,0.72,6,4.34,3.4,,0.5,6.70E-02,8.70E+00,,1,7.50E-02,1.01E+01,,1.5,7.40E-02,7.40E+00,,7.20E-02,4.9,,8.12E-02
row_00113,29.1,12,2.4,8.2,349,2.3,2873,14.1,0.003905165,0.00098,11.22,1,1,4.1, corner,0.335,0.112,14,1.6,7.1,0.85,0.72,4,2.89,3.9,,0.5,1.95E-01,9.70E+00,,1,1.96E-01,5.34E+00,,1.5,2.04E-01,8.20E+00,,1.98E-01,1.9,,1.36E-01
row_00036,29,19.7,1.5,3.7,572.1,6.4,2138.3,14.2,0.003947483,0.00098,8.44,1,1,1.8, corner,0.335,0.112,24,2.7,3.1,0.6,0.36,6,2.16,3.9,,0.5,9.11E-02,3.69E+04,,1,9.75E-02,7.48E+03,,1.5,1.01E-01,5.64E+03,,9.64E-02,4.2,,7.87E-02
row_00174,31,17.3,1.8,5.8,536.3,4,3124.4,14.3,0.003968641,0.00098,12.4,8.6,15.5,2.9, centre,0.335,0.112,21,2.4,5.3,0.85,0.72,4,2.89,4.3,,0.5,6.35E-02,8.85E+00,,1,5.92E-02,8.20E+00,,1.5,5.56E-02,2.11E+01,,5.94E-02,5.4,,1.11E-01
row_00093,36.4,13.5,2.7,8.2,490,2.7,4033.2,14.4,0.0039898,0.00098,16.09,6.7,18.2,4.1, centre,0.335,0.112,21,2.4,6.8,0.85,0.72,6,4.34,3.7,,0.5,1.00E-01,1.37E+01,,1,1.01E-01,1.10E+01,,1.5,9.94E-02,1.11E+01,,1.00E-01,0.6,,1.33E-01
row_00215,19.6,9.7,2,6.5,190.6,2.1,1229.5,14.4,0.004010959,0.00098,4.93,4.8,9.8,3.2, centre,0.335,0.112,8,0.9,5.5,0.4,0.16,8,1.28,3.9,,0.5,5.07E-02,3.00E+00,,1,6.20E-02,2.36E+00,,1.5,5.83E-02,2.84E+00,,5.70E-02,8.3,,1.15E-01
row_00030,48.3,17.2,2.8,3.2,827.9,8.9,2679.7,14.5,0.004032118,0.00098,10.8,4.2,12.1,1.6,mid-point,0.335,0.112,33,3.7,2.9,0.85,0.72,4,2.89,3.7,,0.5,5.71E-02,8.55E+02,,1,5.96E-02,3.39E+02,,1.5,6.09E-02,8.69E+02,,5.92E-02,2.7,,7.56E-02
row_00148,34.4,14.4,2.4,4.9,495.3,4.5,2428.3,14.6,0.004053277,0.00098,9.84,3.6,8.6,2.4,mid-point,0.335,0.112,21,2.4,4.2,0.6,0.36,8,2.88,3.4,,0.5,5.42E-02,8.82E+00,,1,5.30E-02,8.78E+00,,1.5,5.03E-02,8.04E+00,,5.25E-02,3.1,,9.62E-02
row_00103,14.9,13.5,1.1,4.3,200.7,3.3,862.1,14.7,0.004074436,0.00098,3.51,1,1,2.1, corner,0.335,0.112,9,1,3.5,0.4,0.16,6,0.96,3.7,,0.5,5.49E-02,1.50E+01,,1,5.95E-02,1.05E+01,,1.5,6.10E-02,8.63E+00,,5.85E-02,4.4,,8.53E-02
row_00237,28.2,16.8,1.7,9,474.4,2.4,4245.9,14.7,0.004095595,0.00098,17.39,1,1,4.4, corner,0.335,0.112,21,2.4,7.4,0.85,0.72,6,4.34,4,,0.5,2.07E-01,2.53E+02,,1,2.13E-01,6.78E+02,,1.5,2.23E-01,1.82E+02,,2.15E-01,3.1,,1.41E-01
row_00050,34.5,17,2,7.1,584.3,3.4,4149.2,14.8,0.004116753,0.00098,17.08,1,1,3.5, corner,0.335,0.112,24,2.7,6.3,0.85,0.72,6,4.34,3.9,,0.5,1.80E-01,1.74E+02,,1,1.97E-01,1.50E+02,,1.5,1.81E-01,1.21E+02,,1.86E-01,4.2,,1.28E-01
row_00184,26.8,9.8,2.7,3.1,262.5,5.3,804.1,14.9,0.004137912,0.00098,3.33,1,1,1.5, corner,0.335,0.112,12,1.3,2.5,0.4,0.16,5,0.8,4.2,,0.5,9.73E-02,9.67E+00,,1,9.90E-02,6.12E+00,,1.5,9.46E-02,5.82E+00,,9.70E-02,1.9,,6.83E-02
row_00075,22.4,12.7,1.8,8.2,285.1,2.1,2331.6,15,0.004159071,0.00098,9.7,3.1,5.6,4,mid-point,0.335,0.112,12,1.3,7.2,0.6,0.36,8,2.88,3.4,,0.5,1.24E-01,1.10E+02,,1,1.15E-01,1.83E+02,,1.5,1.34E-01,1.24E+02,,1.24E-01,6.3,,1.40E-01
row_00193,23,15.8,1.5,7.2,362.6,2.6,2621.7,15,0.00418023,0.00098,10.96,3.9,5.8,3.6,mid-point,0.335,0.112,15,1.7,6.5,0.85,0.72,4,2.89,3.8,,0.5,1.03E-01,3.16E+02,,1,1.12E-01,7.97E+01,,1.5,1.05E-01,1.20E+02,,1.06E-01,3.7,,1.31E-01
row_00003,18.1,12.1,1.5,5.9,218,2.5,1287.5,15.1,0.004201389,0.00098,5.41,1,1,2.9, corner,0.335,0.112,10,1.1,4.8,0.6,0.36,4,1.44,3.8,,0.5,1.98E-01,1.85E+01,,1,2.21E-01,2.11E+01,,1.5,2.74E-01,1.63E+01,,2.31E-01,13.8,,1.07E-01
row_00137,24.6,20.6,1.2,6.9,506.7,3.2,3511.1,15.2,0.004222548,0.00098,14.83,10,12.3,3.4, centre,0.335,0.112,21,2.4,6.3,0.85,0.72,6,4.34,3.4,,0.5,6.42E-02,2.14E+01,,1,7.35E-02,1.62E+01,,1.5,5.62E-02,1.51E+01,,6.47E-02,10.9,,1.28E-01
row_00122,41.5,18.1,2.3,5.9,749,4.6,4419.9,15.3,0.004243707,0.00098,18.76,9,20.7,2.9, centre,0.335,0.112,30,3.4,5.6,0.85,0.72,6,4.34,4.3,,0.5,6.83E-02,4.23E+01,,1,7.65E-02,4.89E+01,,1.5,7.52E-02,4.60E+01,,7.33E-02,4.9,,1.18E-01
row_00047,13.4,10,1.3,4.4,134,2.6,591.4,15.4,0.004286024,0.00098,2.53,4.9,6.7,2.2, centre,0.335,0.112,6,0.7,3.8,0.4,0.16,4,0.64,4,,0.5,6.67E-02,2.04E+00,,1,4.92E-02,2.20E+00,,1.5,5.08E-02,2.28E+00,,5.56E-02,14.2,,9.15E-02
row_00165,29.6,15.5,1.9,10.2,458,2.1,4671.3,15.5,0.004307183,0.00098,20.12,7.7,14.8,5, centre,0.335,0.112,18,2,10,0.85,0.72,8,5.78,3.5,,0.5,1.16E-01,6.30E+00,,1,1.01E-01,8.37E+00,,1.5,1.20E-01,7.11E+00,,1.12E-01,7.3,,1.75E-01
row_00086,42.8,16.6,2.6,5.2,709.9,5.1,3723.8,15.6,0.004328342,0.00098,16.12,8.2,21.4,2.6, centre,0.335,0.112,30,3.4,4.8,0.85,0.72,6,4.34,3.7,,0.5,7.35E-02,1.59E+02,,1,7.81E-02,8.77E+01,,1.5,6.88E-02,9.77E+01,,7.35E-02,5.1,,1.08E-01
row_00220,25.5,11.9,2.1,5.1,302.7,3.4,1538.9,15.7,0.004349501,0.00098,6.69,5.9,12.8,2.5, centre,0.335,0.112,12,1.3,5,0.6,0.36,5,1.8,3.7,,0.5,6.84E-02,6.32E+00,,1,7.72E-02,7.64E+00,,1.5,9.16E-02,5.22E+00,,7.91E-02,12.1,,1.11E-01
row_00021,41.7,14.2,2.9,8.2,590.7,3,4845.3,15.7,0.00437066,0.00098,21.18,1,1,4.1, corner,0.335,0.112,24,2.7,7.9,0.85,0.72,8,5.78,3.7,,0.5,1.50E-01,7.02E+00,,1,1.63E-01,5.18E+00,,1.5,1.57E-01,7.34E+00,,1.57E-01,3.3,,1.50E-01
row_00159,12.6,5.6,2.3,3.7,70.3,2.2,262.7,15.8,0.004391819,0.00098,1.15,1,1,1.8, corner,0.211,0.045,6,0.3,4.3,0.4,0.16,2,0.32,3.6,,0.5,6.11E-02,2.70E+00,,1,6.46E-02,2.42E+00,,1.5,6.23E-02,2.26E+00,,6.27E-02,2.3,,5.46E-02
row_00108,26.8,21.7,1.2,3.1,580.1,7.8,1790.2,15.9,0.004412977,0.00098,7.9,5.4,6.7,1.5,mid-point,0.335,0.112,24,2.7,2.9,0.6,0.36,6,2.16,3.7,,0.5,5.49E-02,5.10E+00,,1,6.22E-02,2.56E+00,,1.5,7.10E-02,3.59E+00,,6.27E-02,10.5,,7.82E-02
row_00230,30.1,19.4,1.6,5.7,582.6,4.2,3317.8,16,0.004434136,0.00098,14.71,4.8,7.5,2.8,mid-point,0.335,0.112,24,2.7,5.5,0.85,0.72,6,4.34,3.4,,0.5,1.45E-01,9.36E+01,,1,1.64E-01,4.76E+01,,1.5,1.63E-01,2.06E+01,,1.57E-01,5.5,,1.19E-01
row_00057,27.9,12.9,2.2,8.9,361.4,2.1,3221.1,16,0.004455295,0.00098,14.35,3.2,7,4.4,mid-point,0.335,0.112,15,1.7,8.5,0.85,0.72,6,4.34,3.3,,0.5,8.53E-02,2.38E+00,,1,7.73E-02,3.16E+00,,1.5,8.79E-02,2.59E+00,,8.35E-02,5.4,,1.60E-01
row_00179,27.1,10.4,2.6,6.1,282.9,2.7,1732.2,16.1,0.004476454,0.00098,7.75,2.6,6.8,3,mid-point,0.335,0.112,12,1.3,5.8,0.6,0.36,5,1.8,4.3,,0.5,7.35E-02,2.77E+00,,1,7.37E-02,4.19E+00,,1.5,7.62E-02,3.38E+00,,7.45E-02,1.7,,1.23E-01
row_00202,36.3,27.2,1.3,4.9,985.7,6.5,4787.3,16.3,0.004518772,0.00098,21.63,1,1,2.4, corner,0.335,0.112,40,4.5,4.8,0.85,0.72,9,6.5,3.3,,0.5,1.49E-01,1.27E+01,,1,1.56E-01,1.01E+01,,1.5,1.60E-01,9.44E+00,,1.55E-01,3.1,,1.10E-01
row_00014,25.5,18.6,1.4,6,473.6,3.6,2834.4,16.3,0.004539931,0.00098,12.87,4.6,6.4,2.9,mid-point,0.335,0.112,21,2.4,5.5,0.85,0.72,4,2.89,4.5,,0.5,1.23E-01,1.32E+02,,1,1.13E-01,1.36E+02,,1.5,1.39E-01,3.50E+01,,1.25E-01,8.6,,1.19E-01
row_00132,29.8,16.4,1.8,4,486.9,5.5,1964.3,16.4,0.004561089,0.00098,8.96,8.1,14.9,2, centre,0.335,0.112,21,2.4,3.8,0.6,0.36,6,2.16,4.1,,0.5,4.67E-02,1.18E+01,,1,5.27E-02,6.00E+00,,1.5,5.79E-02,5.37E+00,,5.25E-02,8.7,,9.40E-02
row_00119,20.8,7.8,2.7,6.3,162.6,2,1016.8,16.5,0.004582248,0.00098,4.66,3.8,10.4,3.1, centre,0.335,0.112,8,0.9,5.2,0.4,0.16,7,1.12,4.2,,0.5,7.74E-02,2.79E+00,,1,5.92E-02,2.50E+00,,1.5,4.83E-02,3.03E+00,,6.16E-02,19.5,,1.16E-01
row_00034,43.9,25.6,1.7,3.6,1122.3,9.4,3994.5,16.6,0.004624566,0.00098,18.47,12,22,1.7, centre,0.335,0.112,48,5.4,3.4,0.85,0.72,6,4.34,4.3,,0.5,7.96E-02,4.03E+02,,1,7.18E-02,1.97E+02,,1.5,7.67E-02,6.56E+01,,7.60E-02,4.2,,8.81E-02
row_00168,18.8,18.1,1,3.7,340.8,5,1268.2,16.7,0.004645725,0.00098,5.89,1,1,1.8, corner,0.335,0.112,15,1.7,3.5,0.6,0.36,4,1.44,4.1,,0.5,1.42E-01,7.12E+01,,1,1.42E-01,1.19E+02,,1.5,1.57E-01,2.21E+02,,1.47E-01,4.8,,8.95E-02
row_00091,29.6,12.1,2.5,6.1,357.6,3.1,2177,16.8,0.004666884,0.00098,10.16,3,7.4,3,mid-point,0.335,0.112,14,1.6,6.5,0.85,0.72,4,2.89,3.5,,0.5,8.00E-02,6.41E+00,,1,9.50E-02,8.54E+00,,1.5,9.44E-02,5.98E+00,,8.98E-02,7.7,,1.35E-01
row_00209,32.4,11.7,2.8,8.1,379.6,2.4,3085.7,16.9,0.004688043,0.00098,14.47,5.8,16.2,4, centre,0.335,0.112,16,1.8,8.1,0.85,0.72,5,3.61,4,,0.5,1.27E-01,2.99E+00,,1,9.61E-02,4.51E+00,,1.5,1.05E-01,5.33E+00,,1.09E-01,11.7,,1.56E-01
row_00024,24.7,12,2.1,2.8,295,6.2,823.4,17,0.004709201,0.00098,3.88,2.9,6.2,1.3,mid-point,0.335,0.112,12,1.3,2.9,0.4,0.16,6,0.96,4,,0.5,4.62E-02,2.49E+01,,1,5.06E-02,2.72E+01,,1.5,4.79E-02,1.85E+01,,4.82E-02,3.8,,7.89E-02
row_00146,40.8,15.5,2.6,6.8,631,3.7,4284.6,17,0.00473036,0.00098,20.27,3.8,10.2,3.3,mid-point,0.335,0.112,27,3,6.7,0.85,0.72,8,5.78,3.5,,0.5,1.02E-01,3.04E+00,,1,1.06E-01,5.08E+00,,1.5,1.05E-01,5.51E+00,,1.04E-01,1.7,,1.39E-01
row_00097,26.9,14.5,1.9,7,389.9,2.8,2718.4,17.1,0.004751519,0.00098,12.92,1,1,3.4, corner,0.335,0.112,18,2,6.4,0.85,0.72,4,2.89,4.5,,0.5,1.33E-01,4.81E+00,,1,1.35E-01,5.31E+00,,1.5,1.37E-01,3.17E+00,,1.35E-01,1.1,,1.35E-01
row_00235,20.7,14.5,1.4,8,299.5,2.2,2389.6,17.2,0.004772678,0.00098,11.41,1,1,3.9, corner,0.335,0.112,12,1.3,8.5,0.85,0.72,4,2.89,3.9,,0.5,1.41E-01,3.77E+00,,1,1.34E-01,2.50E+00,,1.5,1.45E-01,2.39E+00,,1.40E-01,3.3,,1.63E-01
row_00052,35.2,12.7,2.8,5.1,445.6,4.1,2293,17.3,0.004793837,0.00098,10.99,1,1,2.5, corner,0.335,0.112,18,2,5.4,0.85,0.72,4,2.89,3.8,,0.5,1.32E-01,5.56E+00,,1,1.40E-01,4.73E+00,,1.5,1.28E-01,7.52E+00,,1.33E-01,3.7,,1.21E-01
row_00190,42.1,17,2.5,3.7,715.3,7.2,2660.4,17.3,0.004814996,0.00098,12.81,1,1,1.8, corner,0.335,0.112,30,3.4,3.8,0.85,0.72,4,2.89,4.4,,0.5,8.35E-02,8.48E+00,,1,8.42E-02,5.93E+00,,1.5,8.60E-02,5.40E+00,,8.46E-02,1.2,,9.58E-02
row_00077,21.4,21.1,1,9.2,453,2.3,4187.9,17.4,0.004836155,0.00098,20.25,5.2,5.4,4.6,mid-point,0.335,0.112,18,2,10,0.85,0.72,8,5.78,3.5,,0.5,1.32E-01,7.36E+00,,1,1.22E-01,5.85E+00,,1.5,1.41E-01,4.69E+00,,1.32E-01,5.9,,1.83E-01
row_00199,17.3,10.1,1.7,4.4,175.3,3,765.4,17.5,0.004857313,0.00098,3.72,2.5,4.3,2.1,mid-point,0.335,0.112,8,0.9,4.1,0.4,0.16,6,0.96,3.9,,0.5,6.18E-02,4.27E+00,,1,5.93E-02,4.78E+00,,1.5,5.97E-02,3.01E+00,,6.02E-02,1.8,,1.02E-01
row_00007,20.6,7.5,2.8,4.3,154,2.9,668.8,17.6,0.004878472,0.00098,3.26,3.7,10.3,2.1, centre,0.335,0.112,6,0.7,4.8,0.4,0.16,5,0.8,4.1,,0.5,9.42E-02,1.40E+00,,1,1.03E-01,1.64E+00,,1.5,9.18E-02,1.59E+00,,9.64E-02,5,,1.13E-01
row_00141,32.6,13.3,2.4,9.5,433.3,2.2,4129.9,17.6,0.004899631,0.00098,20.23,6.6,16.3,4.7, centre,0.335,0.112,18,2,10,0.85,0.72,8,5.78,3.5,,0.5,1.12E-01,5.23E+00,,1,9.34E-02,4.62E+00,,1.5,1.21E-01,4.44E+00,,1.09E-01,10.6,,1.84E-01
row_00126,25.5,24.4,1,4.1,621.1,6,2563.7,17.7,0.00492079,0.00098,12.62,12,12.7,2, centre,0.335,0.112,27,3,4.2,0.85,0.72,4,2.89,4.4,,0.5,8.63E-02,3.33E+00,,1,9.04E-02,4.03E+00,,1.5,9.50E-02,4.45E+00,,9.05E-02,3.9,,1.02E-01
row_00244,26.6,15.3,1.7,5.5,405.8,3.7,2235,17.8,0.004941949,0.00098,11.05,7.6,13.3,2.7, centre,0.335,0.112,18,2,5.5,0.85,0.72,4,2.89,3.8,,0.5,9.01E-02,4.50E+00,,1,7.91E-02,6.56E+00,,1.5,5.81E-02,6.29E+00,,7.57E-02,17.5,,1.23E-01
row_00043,25.8,12.3,2.1,7.7,318.2,2.3,2447.7,17.9,0.004963108,0.00098,12.15,6.1,12.9,3.8, centre,0.335,0.112,14,1.6,7.7,0.85,0.72,4,2.89,4.2,,0.5,9.06E-02,3.88E+00,,1,9.34E-02,4.64E+00,,1.5,9.70E-02,6.45E+00,,9.37E-02,2.8,,1.55E-01
row_00161,33.5,12.6,2.7,6.7,420.4,3.1,2815,17.9,0.004984266,0.00098,14.03,1,1,3.3, corner,0.335,0.112,18,2,6.9,0.85,0.72,6,4.34,3.2,,0.5,1.47E-01,2.25E+00,,1,1.48E-01,2.83E+00,,1.5,1.48E-01,2.06E+00,,1.48E-01,0.3,,1.45E-01
row_00082,35.2,19.2,1.8,6.4,676.4,4.1,4342.6,18,0.005005425,0.00098,21.74,4.8,8.8,3.2,mid-point,0.335,0.112,27,3,7.2,0.85,0.72,8,5.78,3.8,,0.5,1.37E-01,3.38E+02,,1,1.33E-01,1.85E+02,,1.5,1.41E-01,1.84E+02,,1.37E-01,2.5,,1.48E-01
row_00216,22,15.8,1.4,2.6,347.3,7,920.1,18.1,0.005026584,0.00098,4.63,7.8,11,1.3, centre,0.335,0.112,15,1.7,2.7,0.4,0.16,8,1.28,3.6,,0.5,7.03E-02,2.28E+00,,1,6.98E-02,1.72E+00,,1.5,8.34E-02,1.69E+00,,7.45E-02,8.4,,7.82E-02
row_00017,23.8,14.1,1.7,8.9,335,2.1,2989.1,18.2,0.005047743,0.00098,15.09,3.5,5.9,4.4,mid-point,0.335,0.112,15,1.7,9,0.85,0.72,6,4.34,3.5,,0.5,8.78E-02,1.13E+01,,1,8.47E-02,1.36E+01,,1.5,8.76E-02,1.03E+01,,8.67E-02,1.6,,1.72E-01
row_00155,17.6,17.4,1,6.9,306.3,2.5,2118.9,18.2,0.005068902,0.00098,10.74,4.3,4.4,3.4,mid-point,0.335,0.112,12,1.3,8,0.85,0.72,4,2.89,3.7,,0.5,8.59E-02,2.93E+00,,1,8.86E-02,2.65E+00,,1.5,8.50E-02,2.51E+00,,8.65E-02,1.8,,1.60E-01
row_00104,25.5,10.2,2.5,4.5,260.8,3.6,1171.5,18.3,0.005090061,0.00098,5.96,1,1,2.2, corner,0.335,0.112,10,1.1,5.3,0.6,0.36,4,1.44,4.1,,0.5,1.46E-01,4.68E+00,,1,1.55E-01,3.83E+00,,1.5,1.56E-01,5.14E+00,,1.52E-01,2.9,,1.22E-01
row_00226,46.3,16.5,2.8,5.1,765.3,5.4,3936.5,18.4,0.00511122,0.00098,20.12,1,1,2.5, corner,0.335,0.112,33,3.7,5.4,0.85,0.72,8,5.78,3.5,,0.5,1.46E-01,6.72E+01,,1,1.47E-01,7.95E+01,,1.5,1.44E-01,5.70E+01,,1.46E-01,0.9,,1.24E-01
row_00061,27.2,19.3,1.4,7.3,525.5,3.1,3839.8,18.5,0.005132378,0.00098,19.71,1,1,3.6, corner,0.335,0.112,21,2.4,8.4,0.85,0.72,8,5.78,3.4,,0.5,2.51E-01,1.61E+02,,1,2.60E-01,1.39E+02,,1.5,2.54E-01,1.33E+02,,2.55E-01,1.5,,1.65E-01
row_00183,18.9,10.2,1.9,5.8,193.4,2.4,1113.5,18.6,0.005153537,0.00098,5.74,1,1,2.8, corner,0.335,0.112,8,0.9,6.4,0.6,0.36,4,1.44,4,,0.5,1.04E-01,4.91E+00,,1,1.08E-01,4.19E+00,,1.5,1.12E-01,4.18E+00,,1.08E-01,3,,1.38E-01
row_00068,43,16.3,2.6,2.9,699.2,9.1,2022.3,18.6,0.005174696,0.00098,10.46,4,10.7,1.4,mid-point,0.335,0.112,30,3.4,3.1,0.85,0.72,4,2.89,3.6,,0.5,7.13E-02,6.10E+02,,1,7.47E-02,2.40E+02,,1.5,7.22E-02,3.53E+02,,7.28E-02,2,,8.57E-02
row_00206,35.1,16.8,2.1,5,589.7,4.9,2931.1,18.7,0.005195855,0.00098,15.23,4.2,8.8,2.4,mid-point,0.335,0.112,24,2.7,5.7,0.85,0.72,6,4.34,3.5,,0.5,1.14E-01,2.17E+01,,1,1.36E-01,8.21E+00,,1.5,1.19E-01,1.26E+01,,1.23E-01,7.7,,1.28E-01
row_00010,48.8,23,2.1,4.2,1120.8,8,4690.6,18.8,0.005217014,0.00098,24.47,1,1,2, corner,0.335,0.112,45,5.1,4.8,0.85,0.72,8,5.78,4.2,,0.5,1.42E-01,2.16E+02,,1,1.41E-01,2.66E+02,,1.5,1.53E-01,2.76E+02,,1.45E-01,3.8,,1.16E-01
row_00115,23.4,12.2,1.9,5.7,284.6,2.9,1635.5,18.9,0.005259332,0.00098,8.6,6,11.7,2.8, centre,0.335,0.112,12,1.3,6.4,0.6,0.36,6,2.16,4,,0.5,1.02E-01,3.26E+01,,1,9.08E-02,2.61E+01,,1.5,9.48E-02,2.72E+01,,9.58E-02,4.8,,1.39E-01
row_00249,22.4,16.4,1.4,8.6,367.8,2.2,3163.1,19,0.00528049,0.00098,16.7,4.1,5.6,4.3,mid-point,0.335,0.112,15,1.7,9.9,0.85,0.72,6,4.34,3.9,,0.5,1.02E-01,7.64E+00,,1,1.25E-01,4.38E+00,,1.5,1.20E-01,7.93E+00,,1.16E-01,8.5,,1.87E-01
row_00038,40.7,13.7,3,6.1,557.8,3.9,3375.8,19.1,0.005301649,0.00098,17.9,6.8,20.3,3, centre,0.335,0.112,24,2.7,6.6,0.85,0.72,6,4.34,4.1,,0.5,8.12E-02,9.49E+01,,1,7.98E-02,7.48E+01,,1.5,7.99E-02,6.15E+01,,8.03E-02,0.8,,1.43E-01
row_00172,35.1,15.3,2.3,3.5,537.2,6.6,1886.9,19.2,0.005322808,0.00098,10.04,3.8,8.8,1.7,mid-point,0.335,0.112,21,2.4,4.3,0.85,0.72,4,2.89,3.5,,0.5,6.69E-02,5.23E+01,,1,6.81E-02,3.62E+01,,1.5,7.24E-02,2.36E+01,,6.92E-02,3.4,,1.07E-01
row_00095,9.6,8,1.2,4.1,77.3,2.1,320.7,19.2,0.005343967,0.00098,1.71,1,1,2, corner,0.335,0.112,4,0.4,3.8,0.4,0.16,3,0.48,3.6,,0.5,7.22E-02,2.32E+00,,1,9.06E-02,2.19E+00,,1.5,1.01E-01,2.15E+00,,8.81E-02,13.7,,9.94E-02
row_00213,29.4,19.3,1.5,8.7,565.8,2.7,4942,19.3,0.005365126,0.00098,26.51,9.6,14.7,4.3, centre,0.335,0.112,24,2.7,9.8,0.85,0.72,10,7.23,3.7,,0.5,1.65E-01,6.73E+00,,1,1.14E-01,5.55E+00,,1.5,1.60E-01,5.03E+00,,1.46E-01,15.6,,1.87E-01
row_00028,21.7,16.5,1.3,4,358.5,4.7,1442.2,19.4,0.005386285,0.00098,7.77,1,1,2, corner,0.335,0.112,15,1.7,4.6,0.6,0.36,6,2.16,3.6,,0.5,9.96E-02,2.45E+00,,1,9.58E-02,2.51E+00,,1.5,1.00E-01,2.06E+00,,9.85E-02,1.9,,1.13E-01
row_00150,42.9,22.8,1.9,3.8,975.5,8.3,3665.8,19.5,0.005407444,0.00098,19.82,1,1,1.8, corner,0.335,0.112,39,4.4,4.5,0.85,0.72,8,5.78,3.4,,0.5,1.58E-01,1.50E+02,,1,1.65E-01,7.61E+01,,1.5,1.62E-01,8.54E+01,,1.62E-01,1.8,,1.12E-01
row_00101,36.3,13.9,2.6,9.1,505,2.5,4574.6,19.5,0.005428602,0.00098,24.83,3.4,9.1,4.5,mid-point,0.335,0.112,21,2.4,10.5,0.85,0.72,10,7.23,3.4,,0.5,1.53E-01,6.73E+00,,1,1.62E-01,5.62E+00,,1.5,1.54E-01,5.14E+00,,1.56E-01,2.7,,1.97E-01
row_00239,17.7,8.1,2.2,3.7,143.3,3.2,533.4,19.6,0.005449761,0.00098,2.91,2,4.4,1.8,mid-point,0.335,0.112,6,0.7,4.3,0.4,0.16,5,0.8,3.6,,0.5,9.28E-02,2.07E+00,,1,1.01E-01,2.12E+00,,1.5,1.05E-01,1.92E+00,,9.96E-02,5.1,,1.09E-01
row_00048,16.2,10.6,1.5,2.5,171.9,5.2,436.7,19.7,0.00547092,0.00098,2.39,2.6,4.1,1.2,mid-point,0.335,0.112,8,0.9,2.7,0.4,0.16,4,0.64,3.7,,0.5,3.74E-02,6.88E+00,,1,4.22E-02,5.03E+00,,1.5,4.69E-02,4.68E+00,,4.22E-02,9.1,,7.87E-02
row_00186,27.7,22.6,1.2,7.2,625,3.5,4516.6,19.8,0.005492079,0.00098,24.81,5.6,6.9,3.6,mid-point,0.335,0.112,27,3,8.2,0.85,0.72,10,7.23,3.4,,0.5,1.20E-01,1.81E+01,,1,1.18E-01,3.29E+01,,1.5,1.10E-01,3.14E+01,,1.16E-01,3.6,,1.67E-01
row_00073,31.6,14,2.3,8.1,441.8,2.6,3569.1,19.8,0.005513238,0.00098,19.68,1,1,4, corner,0.335,0.112,18,2,9.7,0.85,0.72,8,5.78,3.4,,0.5,1.83E-01,1.45E+01,,1,1.76E-01,9.80E+00,,1.5,1.87E-01,1.18E+01,,1.82E-01,2.4,,1.87E-01
row_00195,24.5,8.3,3,6.8,202.7,2.1,1384.2,19.9,0.005534397,0.00098,7.66,1,1,3.4, corner,0.335,0.112,8,0.9,8.5,0.6,0.36,5,1.8,4.3,,0.5,1.65E-01,1.49E+00,,1,1.63E-01,1.44E+00,,1.5,1.67E-01,1.44E+00,,1.65E-01,1,,1.72E-01
